Data,Sentiment
পুরাই গাঞজাখুরি নাতকফালতু ,0
এখনকার মেয়েরা এমন লোভিই হয়,0
বোগাস মিনিট জাসট অপচয়,0
ভালো থাকুক ভালোবাসার মানুষটা,1
অসাধারণ একটা কাহিনী  জীবন টা ত একটা  ,1
নিশো ভাইকে অনেক ধনযবাদ এতো ভালো নাটকের  জনয,1
অসাধারণ নাটক  আমার কয়েকবার দেখা হয়ে গেল,1
অসাধারণ লাগলো চোখ দিয়ে জল গড়িয়ে পড়লো,1
আমার দেখা সেরা ফালতু নাটক কি বাল বানাইছে,0
খুব সুনদর লাগলো বিশেষ করে লাষট ফিনিশিং,1
নাটক দেখলাম খুবই ভালো হয়েছে এবার কমেনট পরার পাললা,1
সুনদর লাগছে বিশেষ করে নামাজের জনয,1
ফালতু নাটক সময় নসটসবাই আনলাইক দেন,0
সময় নষট এগুলা কোনো বিনোদন এর জাতের মধযে পরে না,0
বুজিনা মেয়েদেরকি আজকাল উরনা পরতে লজজা লাগে,0
অনেক খোর হইছে এখন খোর বাদ দেন,0
ইদানিং এই জুটির নাটক গুলা সেম কাহিনি হচছে বাজে,0
অভিনয় করছে বোঝা যায় নিশো ভাই একদম ঠিক ,1
একটা নাটয কেন এতো সুনদর হইতে হবে,1
এইসব কি এইসব কোন কাহিনিযততসব বাজে কাহিনির নাটক,0
জিয়াউল হক পলাশ ভাই কাবিলা তোমার নাটক গুলা সেরা ভাই,1
কি বলবো  এক কথাই অসাধারন ছিল নাটকটা,1
পুরো গলপটি নেতিবাচক ও উষকানিমৃলক,0
বাংলাদেশের নাটক গুলো এখন অশলীলতার দিকে চলে যাচছে,0
শামীম ভাই আপনার কাছে এরকম অশলীল নাটক নাটক আশা করিনি,0
নিশো ফালতু ছেলে বানদরের মত চেহারা একদম পাগলের মত,0
ইভানা তুমি এত ভালঅনেক সুনদর হয়েছে,1
জীনবত একটাই একটাই মন একটাই ভালোবাসা,1
কি সুনদর নাম হজরত মুহামমদ সঃ ,1
এইটা কোন নাটক হলো ফালতু নামবার ওয়ান,0
বিনোদনের নামে  অশলীল একটা নাটক,0
সতযিই তোমাকে অনেক ভালোবাসি ভাই,1
এক কথাই অসাধারণ নাটককিনতু বাবা টা সুবিধা বাজ,1
ভুয়া নাটক দেখে কারাসব পাগলের গোষঠী,0
দুদুর দুদ এতো বারে কেন   পেট পেট,0
ইবানার ফেইচ অনেক সুনদর  লাগলো,1
অপূরবর নাটক ছাড়া আর কারো নাটক দেখি না,1
এটা কি কোন নাটক ছিলোছি,0
বালের ভালোবাসা সবই দুচানোর ধানধা,0
এইগুলো কি নাটকের পরযায়ে পড়ে,0
শামীম ভাই সসতা নাটকে আর কত,0
অামরা এই নাটক নিেয়ই  গরবিত,1
ধনযবাদ সুনদর একটা নাটক বানানোর জনয,1
কউ তোরা পরিচালকরে বাঁশ দে,0
পরসংশার দাবিদার বাংলা নাটকের সেরা জুটি,1
অনেক ভালো লেগেছেকিছু সমৃতি মনে পরছে,1
ওরে বাবা এসব কি দেখছি বাংলাদেশের নাটকে এসব চলতেছে এখন,0
বাসতব জীবন চিতর সমপূরণ একটি নাটক খুব ভালো লাগলো,1
সতযিই অসাধারণ গলপ পরথম এক আর শেষ আর এক,1
আমার মতে এটা নাটকের ভিতরে পড়ে নাপুরাই বাটপার নাটক,0
শেষের দিকটা ভালো কোরতে পারেনি,0
পোলা দুনোটার কী বিচি ছিলো না হেটা মারকা নাটক,0
অসাধারন একটি নাটক  অবশযই ভালো লেগেছে ,1
দুনিয়ার সব থেকে ফালতু নাটক এইটা,0
ফিদা হয়ে গেলাম ভাই এত চমৎকার একটা নাটক  ,1
ফালতু সময় পার করলামফালতু নাটক এক টা,0
নাটকে  দেখে কোন মজা পাই নাই ,0
এতো বাসতবসমমত নাটক এর আগে কখনো দেখিন,1
নামাযের দাওয়াতটা খুব ভালো ছিলো অনেক ধনযবাদ,1
আসলেই ডরামা করার জনয কি গলপের এতোই অভাব,0
ভাই সবকিছুর পরেও বললেন যে নামাজ পড়তে হবে কথাটা অনেক ভাল লাগছে,1
ঈদের মত আননদময় হোক পরতিটি দিনঈদ মুবারক ভালবাসা অবিরাম,1
মিজান ভাই দারুন অভিনয় করছে আজকাল৷,1
সুনদর একটা নাটক মন ছুয়ে গেল,1
বস চালিয়ে যাও  অনেক সুনদর লাগছে তোমাকে,1
অসমভব সুনদর একটা নাটক,1
শুধু ভাল খইনি অসমভব ভাল খয়ছে,0
অসাধারন অনেক ভালো লাগলো,1
নাটকের কালার এতো কাইশযা কযা,0
সব থেকে ভালো লাগছে নামায এর বিষয় টা,1
এইসব ফালতু নাটক দিয়ে নিশো ভাইয়ের হোগা মারতেছে,0
একটা নাটক বানিয়েছে না আছে কাহিনী না আছে অভিনয় না আছে বাসতবতা,0
নাটকের গলপ ভালো না আজাইরা,0
মেরিল পরথম আলো  এর সেরা নাটক হবে এটি আশা রাখি,1
কযামেরাটা এত  ঘুরাস কিললিগা,0
শালার নাটকের পরিচালক এমন খারাপ নাটক বানানো থেকে বিরত থাক ,0
নাটকের মধযে অশলীলতা চাই না,0
কি বলবো বলার ভাষা খুজে পাচছি নাএক কথাই অসাধারণ,1
আরিয়ানের নাটক গুলো সবসময় সেরা,1
শামিম ভাইরের দূর টা ভালো লাগে,1
নাটক দেখি নাকি পরন দেখি বুজতেছি না,0
এই অসভয সংসকৃতির শেষ  কোথায়,0
তিশার চাপা চাপা পোশাক আমার ভালো লাগে না,0
নাটকটা বিজঞাপন দিয়াই চুদদা দিছে,0
আফরান নিশো বরতমানে সবার চেয়ে বেষট,1
আমার পরিয় নায়ক বলে কথা আমি অনেক লাইক করি রিয়াজ ভাইয়া কে ,1
ফালতু নাটকের সরবোৎকৃষট উদাহরণফালতু,0
যত দেখি ততই ভালো লাগে,1
অনেক ভালো লাগলো নাটক টা,1
ঢং টা একটু বেশি বেশি হয়ে যায় কি বাল অভিনয় করে,0
ইচছা করে করতে পারে ছেলেটা আসলেই খারাপ,0
নাটকটি সেইরকম লাগলোমজার একটা দৃশযও দেখেছি,0
অসাধরণ নাটক খুব ভালো লাগলো,1
শেষে ডিসলাইক না দিয়ে পারলাম নাহ,0
তিসা এতো রাতে অপোরব বশ এর সাথে গুরতেছে কেন,0
আমার দেখা পৃথিবীর সবচাইতে বাজে একটা নাটক,0
সালার এক নমবর হিজরা কাহিনী,0
অপরতিদবনদি এক নায়কের গলপের নাম রিয়াজসুনদর হতেই হবে,1
নাটকের আগা মাতা পাইলাম না কে কেমন বুজলা আমি কিছুই না,0
তামিমের অভিনয় অারো ভাল করতে হবে,1
কিছু বলার ভাষা নাই ভালো থাকুক ভালোবাসার মানুষ,1
একেবারে চমৎকার তরতাজা একটা নাটক,1
নাটকটাতে পোশাকে সমসযা আছে,0
অসাধারণ লেগেছে নাটকের থিমটা,1
ফালতু নাটক  এই লোকটা টাকার জনয নাটকের মানের দিকে আর তাকায় না,0
ভাই এগুলো তো সিনেমার থেকেও খারাপ,0
খুব খুব ভালো লাগলো  পঃ বঙগ  ,1
দারুণ একটা কাহিনীচোখে জল এসে যায়,1
নাটকটা  আনেক সুনদর  অমার আনেক ভালো  লাগেছো,1
ইনকাদের কাছ থেকে আশা করিনি এ ধরনের নোংরামো,0
সিনেমার যেই অবসথা হইসে এখন নাটকেরো ওইটাই হচছে,0
আমি  থেকে  আমার কোন ভাষা নেই খুব সুনদর গলপ  ,1
নাটকটা ভাল লাগলো অনেক ইমোশনাল,1
সেরা একটা নাটক দেখলামঅনেক ভাল লাগল,1
বাজে অশলীল একটা নাটকছি ছি ছি,0
ভাই নাটোকের সেসেসময় আরো বেসি খারাপ লাগলো,0
বাংলাভিশনে দেখেছিলাম অনেক ভালো লেগেছিল,1
সবনম ফারিয়া অনেক মোটা হয়ে গেছে,0
অনয রকম একটা নাটক খুবই ভালো লাগলো,1
যা ভেবে ছিলাম তার থেকে অনেক ভালো লেগেছে,1
কুকুরের নাম ফাহিম এইটা খুব খারাপ হলো,0
নাটক আর নাটক নাই হয়ে আশলিলে ভরা,0
নাটকের মধযে সুনদর একটা দৃশয দেকলাম নামাজ,1
 সালের সেরা নাটক  কালকে দেখছি নাটকটা খুব ভালো লাগছে,1
সব নাটক একি রকম মজা পাইলামনা,1
ফালতো একটা নাটকসব পাগলের দল,0
শালীনতার সীমা লঙঘন করা উচিত নয়,0
এইসব নাটক দেখে জুব   সমাজ নষট  হচছে,0
নামাজ পড়া টা খুব ভালো লাগছে নিশো,1
অনলাইক দেন সবাই এই নাটকে ফালতু একটা নাটক,0
অতিরিকত ঢং ইরফান  সাজজাইতার,0
ছিঃ কিছু কথাবারতা এতো অশলীল,0
আসল কথা এখন নিশু ভাইয়ের নাটক বেশি দেখি তাই এমন লাগে,0
সেইরকম বসতাপচা হইছে নাটক টা,0
ওনেক সুনধর হয়ছে মনটা বরে গেলো,1
খুব সুনদর নাটকটা সেসের দিকে চোখের পানি এসে গেল,1
অসাধারণ এরকম নাটক তৈরি করার জনয ধনযবাদ,1
নাটকটা ভালো কিনতু শেষ অংশটা দেখে কাননা চলে আসলো,1
আমার দেখা মোশারফ করিমের সবচেয়ে ফালতু নাটক,0
মসারোফ করিম মানে বেয়াধপ,0
গুছানো একটা নাটক ছিলো সব মিলিয়ে অসাধারণ,1
হালারপু বাজে একটা নাটক হালর পু হালা,0
অসতির নাটক এতো  ভালো কেন,1
আমার পরিয় একজন মানুষের খুব পরিয় একটা নাটক এটা,1
কুততার বাচচা তুই  আমার  ফন দরস না কেন,0
বালের নাটক ভাই রে বাসতবতার সাথে কিছু অনতত মিল রাখ,0
নাটকটা সতযি অসাধারণ ছিলোচোখে পানি এসে পড়লো,1
মোশাররফ করীমের এই ধরনের সসতা কাহিনি এভয়েড করা উচিত,0
অসাধারণ এ নাটকটাতাতে অনেক শিকষা নেওয়া আছে,1
সতযিই নাটক টা খুব ভালো,1
জীবনের দেখা সবথেকে ফাউল একটা নাটক,0
আমার জীবনের দেখা সবচেয়ে  নাটক ,1
অসাধারণ নাটকখুব ভাল লাগলো দেখে নাটকটা,1
কি সব ফালতু নাটক অনেক দিন থেকে ভাল নাটক দেখি না,0
কুততার বাচচা হারামজাদা এই বলে কি মারটাইনা মারলো,0
বস মানেই অনয কিছু বস মানেই অসাধারণ,1
অশলীল কথা গুলো বাংলাদেশের নাটক নৈতিক হারিয়ে যাচছে,0
বালের নাটক বানায়মোশারইফফযা তুই অভিনয় বাদ দে,0
নিশো ভাই তুমি আসলেই অসাধারণ,1
বৃনদাবন দাস সতযিই সুনদর গলপ লেখেন ধনযবাদ,1
সেকেনডে বাবার   নাভিটা জোস ছিল,0
এই ঈদের ফালতু নাটকসময়টা নসট করলাম,0
ধুমপানের ছিনটা না থাকলেও চলতো,0
খুব ভালো লাগলোতবে কিছুটা আমার সাথে মিলে যাবে মনে হয়,1
নামাজের পরতি সমমান দেখানোটা খুব ভাল লাগলো,1
খুব সুনদর হয়েছে নাটক টা    তুমি সবার সেরা অভিনয় করো,1
এসব অশলীলতার কারণেই সমাজে ধরষণ বাড়ছে,0
নিশোকে এই নাটকটা তে মাশাললাহ অনেক সুনদর লেগেছে,1
বেটারা অার গলপ খখুঁজে পায় না ছাগলের দল,0
কমেনটগুলো পড়ে নাটক দেখার ইচছাটাই মরে গেল,0
অসমভব ভালো নাটক ধনযবাদ অপূরব ভাই,1
ইদানিং মোসারফ করিমের নাটক আগের মত মজা লাগেনা,0
ভুয়া খোর নাটক বালের নটক,0
বাজে নাটক  বালের কাহিনি দিয়া নাটক বানাও,0
কখন যে কেঁদে ফেলেছি বুঝতে পারিনি এক কথায় অসাধারন,1
আফরান নিশো মানি অসাধারণ তার নাটক টি দেখবেন সবাই ,1
ও ভাই কমেনট পড়ে লাভ নাইনাটক ভালো ছিল,1
অসাধারন নাটক ওনলি মিধনযবাদ কাজল আরেফিন ওমি সযার,1
ওর মতো বাবা কে জুতা দিয়া পিটান দরকার,0
 আজ তাকে কেন আগের মতো ভালো লাগে না,1
অসথির হইছে পলাশ ভাই হাসতে হাসতে মইরা গেলাম,0
দুনিয়ার ফালতু নাটক বিরকতিকর ভোদাই মারকা পরিচালক,0
সেই ছিল ভাই নিশো ভাই মানে অসাধারণ কিছু,1
আমি তো পুরাই চোদনা হয়ে গেলাম,0
ভালোবাসা শুধুই ভালোবাসা,1
সতযিই খুব অসাধারণ এই নাটকটার কোন তুলনাই হয়না,1
খুব সুনদর হল তা ছাড়া রিয়াজ আমার পরিয় এককটার,1
বালের নাটকআগা মাথা কিছু নাই,0
সাবিলা নুর ওভার অযাকটিং করে বাজে অভিনয়,0
মাগিদের পোশাক এত খারাপ কেন ,0
শেষ মেস একটা কুততার নামও ফাহিম  আর কোন নাম কি দেশে ছিলও না,0
লজজা করে এইসব অভিনয় কি নাটক এগুলা ফালতু,0
অসাধারণ একটি নাটকখুব ভালো লাগলো,1
সায়েনস এর ছেলেমেয়ে মানেই এভাবে রসকষহীন না,0
কেমনে নিশো ভাই কেমনে পারেন এত ভালো অভিনয় করতে,1
অনেক সুনদর হয়েছে নাটকটি ধনযবাদ,1
বলাইঞচোদ খানকির ছেলে এতো অযাড চুদাও কে,0
ফালতু একটা নাটক হুরর সময়টাই নষট,0
এতো ভালো লাগেছে বলে বোজাতে পারবো না,1
বযাচ  অসাধারণ টা কাজ হয়েছে,1
আমার দেখা এই ঈদে সব থেকে বাজে থারড কলাস নাটক এটা,0
যারা আনলাইক করছে সবকটা পরতিবনধী,0
সব ই পাগলপাগলের দলপরিচালক পরযোযগ সব পাগল,0
অপুরব ভাই এর নাটক সবসময় ই ভালো লাগে,1
নাটকে এতো অশলিল ভংগিমা,0
শাউয়ার নাটক মেজাজ মারাপ হই গেছে,0
খুব ভালো লাকছে বস এ রকম আরো নাটোক দেখতে চাই,1
জাতি ধবংসের জনয এমন নাটক খুব পরয়োজন,0
বোকার দলেরামেজাজটাই খারাপ কইরা দিলফালতু,0
এক কথায় ওয়াওকযামেরার কাজ দেখে মুগধ হয়ে গেলাম,1
অসমভব ভালো লাগলো নাটকটি তিশার  ছেলেমানুষি অসাধারণ,1
হাসিকাননা সব মিলিয়ে অসাধারণ হয়েছে,1
নিশো ভাইরচোখ বুজে হাসিটা ধারুন ছিল,1
নাইচ বিন দাবন দাসভাল নাটকজেদদা  থেকে আমিন,1
সতযিই খুব সুনদর হয়ছে,1
শালীরা এত তারাতরি বলাউজ চেনজ করস কি ভাবে বালের নাটক,0
ভাই নাটক টা আমার কাছে অনেক ভালো লাগছে ধনযবাদ পরিচালককে,1
 আরিয়ান ভাইয়া নাটকের পরিপরনতা খুজে পেলাম,1
গানজার বেরা নাটক চাই মোশারফ করিম এর,0
এক নাটকেই সোনা আর দুদু দুই কযারেকটর একদম জমে কষির,0
দারুণ নাটক টা দেকে মজা পেলাম এবং কষট সব মিলে একাকার,1
অনেক সুনদর একটা নাটক খুব ভালো লাগলো,1
আপনি একজন করযাজি লাভার  পরেম করতে করতে ওর ভিতরে ঢুকে গেছেন,1
ভাইয়া নাটক টা ঈদ ইসপেশার হলে ভাল হতো,1
আরস বলে কখোনো তুচছ ভাবা উচিত নয়,0
সনিয়া মালটার রিয়েল নাম কি,0
দারুন নাটক খুব ভালো লাগলো,1
একি রকম নাটক বার বার ভাল লাগেনা,0
আমার খুব ভালো লেগেছে  আপনারাও দেখুন ভালো লাগবে,1
বালের কনসেপট খাচছি খোর এইটা কোন নাটক হইলো,0
একদম সমসাময়িক গলপ দারুন লাগছে,1
অসমভব সুনদর একটা নাটক শেষের দুটো লাইন অসাধারণ,1
নামাজের জনয অনেক অনেক অনেক ভালো লাখছে নাটোকটা,1
আবাল পরিচালক  শামীম দুজনই,0
আফরান নিশোর ফযানরা কই শুধু লাইক হবে,1
অশলীলতা টা একটু বেশি হয়ে গেল,0
অসাধারণ একটি নাটক কে কে আমার সাথে সহমত হাত তুলেন,1
শামিম ভাইয়ের জবাব নেই কিনতু গলপটা ভালো লাগেনি,0
তানজিন তিশাকে দেখলেই মেজাজ টা খারাপ হয়ে যায়,0
আমার কাছে নাটক টা অনেক ভাল লাগছে,1
কোথায় যে কমতি ছিলোপরিপূরণ নাটক হয় নি,0
ফিনিশিং সুনদর হয়নি আরো নাটকিয় হওয়ার দরকার ছিলো,0
নিসুমানে সেরাবাংলাবাংলার সেরা নাটক,1
অনেকদিন পর খুব ভাল একটি নাটক দেখলাম,1
অনেক সুনদর অনেক সুনদর অনেক সুনদর অনেক সুনদর অনেক সুনদর,1
কম দামি বাসি গাজা খেয়ে গলপ লিখলে যা হয়,0
শিহাব শাহীন মানেই নতুন কিছু পাওয়ার আশা ,1
জন দিয়ে পুরো নাটক শেষসটোরির কোন আগা মাথা নাইফালতু,0
নামাজ পড়ার বেপারটা খুব ভালো লাগছেধনযবাদ,1
এটা কি নাটক নাকি  সয়তানি বালের নাটক কোনো আগা মাথা নাই,0
ফালতু বালের নাটক এই রকম পচা নাটক কেউ করে না কি,0
টা ভালো হয়নিসেই এক ঘেয়েমি,0
নাটকটা অনেক ভাল লাগছেরিয়াজ ভাইয়ের নতুন মুভি ছাই,1
অসাধারণ বনধুত অনেক ভাল হয়ছে নাটকটি,1
কি বালের  কাচচি রাননা করে আলু দেই নাই একবারো বোকাচোদারা,0
তিশা খাণগীর জনয নাটকে মন বসেনা,0
মন জুড়ানো খুব সুনদর নাটক,1
সমাজটাকে শেষ করে দিল এই সব নাটক,0
ইডিটের মায়েরে বাপ কইরা দিছে,0
কাহিনী ছাড়া নাটক কিছুই হইলোনা,0
নাটকটি তেমন ভালো লাগেনি কারন যামিন নাই তাই,0
এটা বাজে নাটক অশলীল ভাষা অনেক বেশি,0
অসটরেলিয়ার গরুর মত লাগছে ফারিয়াকে,0
এই নাটকটা আমার কাছে অনেক ভালো লাগছে,1
অনেক ভালো লাগলো নিসো ভাই ভালোবাসি অনেক,1
শিহাব শাহীন মানেই অসাধারন টুইসটসযালুট বস,1
ইরিন কে অনেক সুনদর লাগতেছে বউ সাজে,1
কলা বাবার অভিনয় ভালো হয় নাই,0
বালের নাটক বালের কাহিনী এগুলো বাসতবতার সাথে কোন মিল নেই,0
কমেনট  লাইক দেখেই বুজতে পারছি নাটক টা ভালো হবে,1
বালের নাটকযততসব ভাড়ামি,0
ভাই আমার পুরা রিয়েলসটিক অভিনয় করেনিশো,1
মাথা খারাপ হয়েছে দুজনের কি সব ভাষা,0
সবচেয়ে বেশি ভাল লাগছে দুই বনধুর নিঃসাথর সমপকর,1
নাটক টা অনেক ভাল লাগছে  বই পড়ে বলতেছে   পড়ে,1
বস তুমি সতযি বাংলাদেশের সেরা অভিনেতা,1
এমন নাটক জীবনে দেকিনাই অনেক সুনদর ,1
অসাধারণ একটা নাটক বলার ভাষা নেই সতযি অসাধারণ হয়েছে,1
অসাধারণ খুব ভালো লাগলো,1
নামাজের কথাটা ভালো লাগসে খুব,1
শাউয়ার নাটক বাল দেখে সময় নষট করলামএর থেকে  দেখা,0
লাভ ইউ বস আনেক ভালো হয়েছে,1
গরাম বাংলার অসাধারণএকটি নাটক,1
ওই ছাতরীর নযাকামি একেবারে অসহয,0
সুড়সুড়ি মারকা ফালতু নাটক,0
ফালতুমিরও একটা সীমা থাকা উচিত  যা তা,0
শালী আমার খাই খাই ভাবছে আমার কাছে টাকা নাই মজা পাইছিরে পাগলা,0
অনেক অসাধারণ অনেক অনেক ভালো লাগছে অনেক,1
অসাধারন একটা নাটক এই দরনের নাটক আরো চাই,1
কি নাটক বানাইল মাথার উপর দিয়া গেলো  ভাল হয় নাই,0
অনেক ভালো লেগেছে অসাধারণ গলপ,1
মনটা ভাল হইয়ে গেছে নাটক টা দেখে,1
শেষের দিকে মুখের দাড়ি গুলা থাকলে ভালো লাগতো,1
বালের নাটক সময়ডাই নষট করলাম,0
ফালতু নাটক কাহিনী অভিনয়,0
জাসট ফরেনডের অভিনয় পুরাই ফালতু হইছে,0
এ কি নাটক সাওন ভাই আসা করিনি এমন নাটক,0
নামাজ পড়ার অভযাস আছেনামাজ পড়তে হবে  বেসট কথাটা,1
নিশো ভাই এবং পলাশ ভাই দুজনেই  অসাধারণ,1
ফালতু নায়িকা নাদিয়া বেষট,0
তখন নিজেই বলবে ছিঃ এরকম এমকটা অপদারথের,0
ফালতু একটা সকরিপট সময়ের অপবযয়,0
লাসট এ দিয়া আর ভালো লাগলো না,0
কেঁদে ফেলেছি সতযিই অসাধারণ,1
আবালচোদা নাটকের আবালচোদা গলপ আচোদা অভিনয়,0
আমার দেখা সবচেয়ে বাজে নাটক এটা,0
ফালতু নাটক মো করিম বাংলাদেশের নাটকের জগৎকে ধবংস করে দিসে,0
খুসি আপু অসাধারন অভিনেতরী,1
আরিয়ান ভাইয়ের পরিচালিত সেরা নাটক অসাধারণ,1
এটা নাটক না যেন পুরুষ নিরযাতন,0
তেমন একটা ভালো লাগলোনা,0
খাংকির পোলারা কি পাইছত,0
এখানে বিড়ি সিগারেট ফযাশন হিসেবে বযবহার করা হয়েছে অনেক খারাপ,0
চিনতা করতে পারেন  এইডা কোন নাটক  চি মোশারফ,0
এটা  সের সেরা নাটক হবে ইনশাআললাহ,1
আননদ পেলাম এই নাটকটা দেখে,1
এ রকম বাজে গলপ আর সসতা গলপে নাটক বিরকতকর,0
অশলীলতায় ফেমাস হওয়া যায় না,0
দুনিয়াটা কি উলটো হয়ে গেলো নাকি,0
বালের নাটক  সেইরকম বালখোর ফালতু,0
অসমভব সুনদর এই গলপটা,1
বৃনদাবন দাসের নাটক অনেক শিকষনীয় বিষয়,1
এটা ফানি নাটক না এটা নোংরামির কাছাকাছি কিছু একটা,0
দরশকদের উচিৎ এই ধরনের নাটক পরিহার করা,0
লাভ ইউ নিশো ভাইনাটক টা  সালের সেরা নাটক,1
নাটকগুলা এত কেমনে সেরা হয় রে,1
কাবিলা অসাধারন অভিনয় করছে,1
এই ঈদে দেখা সবচেয়ে ফালতু ভাঁড়ামো নাটক,0
বাংলা নাটকে কি এসব অশলীলতা   ছিঃ,0
শামিম ভাই এইসব ফালতু নাটকে কেন অবিনয় করলেন,0
এটাই সতযি ভালবাসা শুরু আছে শেষ নেই,1
নাটকের পরিচালক নাটকটা লিখছে মনে হয় গানজা সেবন করার সময়,0
বিরকত লাগছে নাটকটা দেখে,0
নাটকের আগা মাথা কিছুইবুঝি নাই,0
শুধু মাতর হানিমুন করার জনয ডিবোরসের কাহিনিযতসব ফালতু,0
চরম একটা  দেখার মতো নাটক  শামিম ভাই সেরা,1
নামাযের বযপারটা খুব ভাললাগছে,1
থারড কলাস নাটক  কোন কলাস মেনটেইন করা হয় নি,0
অপূরবর মতোই সুনদর অপূরবর নাটক গুলো অসাধারন,1
মুখসত মিথযা কথা বলতেও পারে বেটা,0
নাটক টার নাম জীবন ভরমন হলে বেশি মানানসই  হতো,1
অসাধারণ পরেমের গলপ খুব ভালো লাগলো,1
ফালতু নাটক  দূর  মিনিট সময় নষট,0
অনেক দিন পর  সুনদর একতা নাটক দেখলাম,1
এক দম বাজে নাটক বাংলা নাটকে এরকম  কথা আশা করি না,0
কিছু বলার নেইএক কথায় অসাধারণ,1
নাটক যেমন সুনদর নাটকের গান গুলো তেমনি সুনদর,1
দিন দিন পোশাকের অবনতি হইতেছে,0
কী অদভুত নাম সোনা মিয়া দুদু মিয়া হা হা হা,0
এতো দিন পর সুনদর একটা নাটক দেখলাম  অসাধারন,1
অপুরবর গান তো খুব সুনদর,1
নাটকটা দেখে অনেক ভালো লাগলো,1
অসাধারণ এক বাংলা নাটক ভাল লাগল,1
কষনিকের  আননদ দেওয়ার জনয,1
অপূব মানে সুদর গলপ আর ভালো অবিনয়,1
হোগা মারকা নাটক বানাইছে,0
আরে ভাই গাজা খাইয়া নাটক বানান সুনদর  হবে,0
নিশো   সব চরিতরে পারফেকট,1
আমার কাছে অরপবর নাটক অনেক ভালো লাগে,1
ফালতু মেয়ে গুলো খেয়ে দেয়ে কোন কাজ নাই,0
জোর করে হাসানোর চেষটা কি ফালতু নাটক,0
মুসারফ করিম পাগলের বড়োডা,0
ভাই আমি আপনার অনেক বকত আপনার নাটক গুলা আমার অনেক ভালোলাগে,1
ফালতু নাটক দেখে সময় লস করার মানে নাই,0
তোমার নাটক খুব খুব ভাল লগে গো,1
পুরান চিনে তারা মানে কে মাইনে আজব মানুষ এরা ফালতু,0
সতযি অসাধারণ নাটক যার কোন তুলনা হয় না অতুলনীয় ,1
অনেক টা ভালো লাগছে আই লাভ নাটক,1
ওয়াও অনেক সুনদর একটা নাটক,1
হালার দেখে পুরাই মাথাই নসট,0
আমার দেখা   নাটকঅনেক অনেক ভাল লাগল,1
নাটকের অভিনয়টা খুব ভাল ছিল  থযাংকস অল,1
এইটা একটা নাটক হলো  অযথা সময় নষট করা  ফালতু একটা নাটক,0
এটাও একটা নাটকধুরসময়টাই নষট,0
নাইস খুবই ভালো লাগলো,1
নাটক টা এতো ভালো জে বার বার দেখতে মন চায়৷,1
কি বলব ভাষা হারিয়ে ফেলেছি এক দম অসাধারন একটা নাটক   ,1
মোশারফ করিমের অভিনীত  এতো ফালতু নাটক দেখি নাই,0
আনেক ভালো একটা নাটক দেখলাম,1
এই ধনের একগুয়েমি নাটক ভাল লাগে না,0
শেষ টা অসাধারণ হয়েছে  বেসট নাটক ঈদ ,1
পাললতু নাটক সারারাত   মিনিট  নষট করলাম,0
এখানেও তো দেখছি বিজঞাপনের পযারা,0
সতযিই  ভালো একটা  নাটক,1
নাটক দেখার আগেই লাইক দিছি যানি ভালো হবেই,1
বাংলা নাটকের এত অধঃপতন এত বাঝে ডায়লগ,0
বালের নাটকএমন উদভট নাটক করে কোন পরিচালক,0
বাংলাদেশের নাটকের যে কত অধঃপতন হয়েছে ইননালিললাহ,0
মোশারফ করিমের কাছ থেকে এসব নাটক আশা করি না,0
বালের কযামরামযান খালি ঘোরায়,0
নাটক টিবিতে পরচারের সময় এ ধরনের   দেওয়া দরকার,0
বাজারের সসতা মেয়ে দিয়ে নাটক বানাইলে যা হয় অার কি,0
এই কুওার নাটক এখন মানুষ দেখেনা,0
বাজে একটা নাটক শুধু শুধু সময় নষট,0
এসব নাটক এখন দেখতে ইচছা করেনা,0
অসাধারণ নিষপাপ পরেমের গলপ,1
থারক কলাসের লিমিট করস করছে মোসাররফ কংগরাচুলেসন,0
এইবার ঈদে দেখে সবচেয়ে বাজে নাটক,0
এর চে বাজে নাটক আর হয়নাএটা কোন নাটকের মধযেই পরেনা,0
এই মসারফ করিম খানকির পুলা এ খোন ফালতু নাটক করে,0
অনেক ভালো লাগে তানজিন তিশা কে,1
ফালতু  যা মন চায় তাই করে ফেলে  নষট করতেছে ইনডাসটরি টা ,0
আর সবার পরথম দিয়া তো পুরই খাফের খাফ কলেজ করাশ  আমরা চাই,0
খুব ভালো লাগছে শেষে অনেকটা ইমোশনাল হয়ে গেছি,1
ভাড়ামী দিয়ে তো নাটক হয় না,0
এককথায় অসাধারণ ফালতু হয়েছে যা বলার ভাষা নেই,0
ছাতরী মেয়েটার নযাকামিটা খুবেই বাজে হইছে,0
খারাপ লাগলেও ইভানা কারণে দেখি,0
কাবিলার কথার সটাইল দারুন ছিলো,1
অনেক খুশি হলাম নিশো বসের নাটক পেয়ে,1
পালতু নাটক করা বনধকরুন পলিজ,0
অনেক অনেক সুনদর হয়ছেধনযবাদ মিজানুর রহমান আরিয়ান,1
ভালো গলপ কিছু বাজে সংলাপের কারণে নষট করবেন না,0
সেরা সেরা সেরা  এর সেরা  বেসট  বেসট নাটক এটাই খুব ভালো লেগেছে   ,1
ভালো লাগছে কারন শেষ টা ভালো ছিলো,1
যেমন আশা কইরা দেখলাম তার চেয়ে দিগুন বাজে নাটক,0
ভাল হইছে কিনতু ভালবাসা যখন বউর দিকে আসে তখন নাটক শেষ হয় যায়,1
অামাদের বিনোদন  জগতে এমন সুনদর  গলপ  চাই,1
কযামেরামযানকে জুতা পেটা করার দরকার শালা পাগল চুদা,0
পলাশ ভাইয়ের অভিনয় টা দারুণ হইছে,1
শিহাব শাহীন ইউ অলয়েজ বস,1
মনে রাখার মতো একটা নাটক অসাধারণ কেদে ফেলেছি,1
অপূরব ভাই আপনার ও আপনার পরিবারের পরতি শুভকামনা রহিল,1
পৃথিবীর সব নামাজি আজকে এইখানে দেখলাম তবুও ভালো,1
লাষট দিয়া কিছু বুজি নাই,0
সালা বুরা খারাপ অভিনয় করে অভিনয়ের পরে ভালো বেবহার দেখা,0
এই নাটকের কথা বারতা একবারে বাজে ফালতু নিরবাচন করা হয়েছে,0
সতযি বাংলাদেশী নাটক সতযিই অতুলনীয় দারুন লাগলো ,1
তিশা আপুর অভিনয় খুব ভাল লেগেছে,1
এত ভালো নাটক কেমনে হয় সুদু বার বার দেখালাগে,1
মেয়েরা এতু হেংলা আমি আগে দেখি নাই,0
দুদু কোথায়কীদিনেদুপুরে এসব কি,0
মশারফের নাটক ভাললাগে না আর কেন যানি কি যেন নেই,0
আমি বাংলাদেশি নাটকের ভকত বিশেষ করে অপূরব দার,1
মোটা বেডিটা আসলেই কুটনি,0
শালাগর চামচামি দেইখা মেজাজ গরম অইয়া গেছে,0
এতবড় পালতু নাটক আর জীবনেও দেখিনাই,0
ফালতু নাটকফালতু কাহানী ওভার একটিং রেটিং ,0
খুবি ভালো লাগলো রিয়াজ ভাই ও সবাইকে দিলাম,1
অতযনত সুনদর মারজিত একটি নাটক ছিল,1
বাজে নাটক আর কোন কনসেপট পেলনা মাদারচোত পরিচালক,0
অসাধারণ নাটকটা অনেক ভালো লাগলো,1
অনেক দিন পর তার একটা ভাল নাটক দেখলাম,1
সামিম ভাইয়ের কাছ থেকে এটা আসাকরি নাই,0
মোশারফ করিম তার জনপরিয়তা হারাচছে এসব ফালতু নাটক করে,0
শামিমের লুচচার মতোই লাগে আর ফারহানের টুকাই এর মতোই লাগে,0
অশলিলীতায় ভরপুর এসব নাটক করে সমাজ ধবংস হচছে,0
ওয়াহঅসাধারণ অপূরব ভাইয়া  মিথিলা আপি জাসট লাভ ইউ,1
এই   এর কোনো  এ  দিলাম  কষট লাগল তারপরও দিলাম বাজে ডাইলক বাজে,0
আমার পরিয় অভিনেতা আফরান নিশো,1
মিজানুর রহমান আরিয়ানের আরেকটি মাসটারপিস এক কথায় অসাধারণ,1
বলার কোনো ভাষা খুঁজে পাচছি না কি বলবো এক কথায় অসাধারণ,1
একি দরনের নাটক বার বার ভাল লাগে না,0
অসাধারণ অসাধারণ অসাধারণ অসাধারণ অসাধারণ অসাধারণ,1
তম ভিউআর আমিঅনেক ভাল লাগগো নাটকটা,1
অসাধারণ নাটক নিশো তানজিন তিসার অভিনয় খুব ভালো,1
অসাধারণ নাটক খুবই ভালো লাগলো,1
ঠিক ছিল কিনতু এতোটা খারাপ অভিনয় না করলেই হতো,0
মোশাররফ করিম এর অনযতম সেরা ফালতু নাটক,0
নাটকের মান নষট করতেছে মোশাররফ করিম,0
এক কথায় চমতকার অপূরব এর নাটক,1
বাংলাদেশের এই রকম নাটক  একটা নাটক  একটা ইতিহাসখুবই ভাল লাগলো,1
ফালতুমানির একটা ছিমা থাকে  এইরকম হয় নিহি,0
ফালতু একটা নাটক মেজাজ গরম কইরা দিসে,0
পালতু নাটক ভাই এর কাছ থেকে এইটা আশা করি নাই,0
ফালতু বাজে মনতবয কি বাল করবো বাজে নাটক,0
নাটকের কাহিনী অনেক ভালোলাগলো,1
শাহনাজ খুশি আপু অনেক সুনদর করে নাটক করে,1
ফালতু বলার ভাষা নাই যে কি  এর ফালতু,0
বেসট নাটক ভালোবাসার ভাই,1
ভাল লাগার মতো নাটকখুব ভাল লাগলো,1
কে সেরা আরফান নিশো লাইক অপুরব কমেনট,1
আমার জীবনে দেখা শেরা নাটক এটা দারুন উপভোগ করলাম,1
অনেক কষটে মিনিট দেকছিফালতু নাটক,0
এগুলো নাটক হতে পারেন এগুলো সসতা অশলিলতা ভিউ বাড়ানোর জনয,0
এটা কোন নাটক হলো  গাধার বাচচারা এমবি ফেরত দে,0
নাটকে নিশো ভাইকে অনযরকম সুনদর লাগছে,1
এটা একটা পাগলের নাটক পালতু কোথাকার,0
এত বিজঞাপনে বিরকত লাগে,0
নিরমল সুনদর সমপরক গুলো বেঁচে থাকুক বছরের পর বছর,1
তানজিন তিশা আর আফরান নিশু জুটি টা দারুণ,1
বরাবরের মতোই অনযরকম ভালো ছিলো,1
নামাজ টা  জন পড়লে ভালো লাগতো,1
বাবাগো বাবা ভাবা যায় এইগুলা ,0
সব মিলিয়ে খুবই ভাল হইছে,1
এই রকম নাটক নিরমাণ করা দুঃখজনকবসতা পঁচা বিনোদন,0
এইরকম ফালতু নাটক কযামনে লেখে পরিচালকে,0
বাজে এত বাজে নাটক বলার বাহিরে,0
না দেখে বলে দিলামঅনেক সুনদর হবেঅপূরব ভাই বলে কথা,1
তানজিনারে খেয়ে দিছে বহু জন,0
এই সব অশলীল নাটক   সমবব   সমবব না,0
এগুলো কি জনতুখাটে বসে ভাত খায়,0
লাসট ফিনিশিংটা ভালো হয় নাই,0
অনেক বোকাচোদাই নাটকটা পুরো না দেখে বকা বকি করছে,0
বসতাপঁচা অভিনয় না করলে কি হয়না,0
ফালতু কাহিনী মনে হয় কাহিনীটা গাজা খেয়ে লিখছে,0
শাহনাজ খুশির অভিনয় খুব ভালো লাগে,1
ভাষা খুব সুনদর আমি  থেকে বলছি,1
জারা  দিইয়েসে তারা কারা তারা আবাল,0
গতানুগতিক নাটক আর নাটকের মাঝে বিরকতিকর মিউজিক,0
তানজিনাকে বেশযার মতো লাগে,0
এক কথায় অসাধারণ অপূরব আর নিশুর নাটকগুলো বেশী দেখা হয়,1
দারুন ছিলএরকম বড় ভাই আসলেই দরকার,1
আমার পরিয় নায়ক রিয়াজ ভাই,1
কাছে পাওয়ার নামই ভালোবাসা অনেক ভালো লাগলো,1
নিশো ভাই নামাজের অভিনয় টা খুব ভাল লাগলো,1
লাইফ এ দেখা বেসট নাটকের ভিতর একটা এটা,1
শেষের দিকে নামাজের নিরদেশনা নিশো ভাই সব সময়ই সেরা,1
কমেনট পড়তে পড়তে নাটকটাই ভালো করে দেখা হল না,0
নিশো তোমায় অনেক অনেক ভালোবাসি,1
অসাধারণ একটা নাটক শেষে দিয়ে ইমোশনাল করে ফেলছে,1
বালের নাটক করেফালতু পরিচালক,0
শালির ঘরের শালি মজা বুঝিস না,0
জেরিন চরিতরটা অনেক ভালো কোন সবারথ নেই,1
অখাদয টাইফের নাটক কার কি চরিতর কেউই জানেনা,0
ফালতু যততসব পরকিয়ার ধানদ,0
নামাজ নিয়ে কথা বলাই অনেক ভালো লাগলো,1
নাটকের মাঝে এড দেয় কেন বাল,0
এই রকম অতযাচার আমার সাথে ও হইছে,0
 জন মাসটার ছাতরীর বাড়িতে জগরা বিষয় টা বাজে লাগলো,0
ওই শালা টাকা খরচ করে এমবি কিনে এড দেখবো শালা,0
বাংলাদেশ আর আচোদা নাটকের লাইগা কবে যুদধপরাধী আললাই জানে,0
আরফান নিশো তানজিন তিশা জুটিটা অনেক সুনদর,1
নাটকের সংলাপ গুলা অসমভব সুনদর ছিলো,1
ফালতু নাটক এইসব নাটক আমাদের সমাজ কে দংশ করে দিতেছে,0
অসাধারণ একটি নাটক আরফান নিশো ভাই,1
তিসার নেকামি একটু বেশি হয়ে গেল এ নাটকে,0
বাসতবতা থেকে তুলে আনা হৃদয় ছোয়া গলপভাললাগছে,1
শামীম ভাই যেখানে আছে নাটক সুপার,1
এই নাটকের নাম দেওয়া উচিত আছিলো ফালতু,0
শিহাব ভাই মানে নতুন কিছু,1
শিহাব শাহিন ভাই আপনার কথা কি বলবো আপনি একটা জিনিস,1
সমপরণ নাটকটার সাথে শেষটাও অসাধারন ছিল,1
আমি বুঝিনা অপূরব  এতো ভাল নাটক কিভাবে করে অপূরব,1
মোশারফের অভিনয় একদম বাজে লাগলো,0
শালির ঘরের শালি মজা বুঝিস না,0
নামাযকে গুরুতব দেওয়ার বিষয়টা খুব ভালো লাগছে,1
নাটক আমার কাছে  ভালো লাগলো,1
আমার ভালোবাসা    করে নিজের কাছেই রেখে দিছি,1
ভিডিও কোয়ালিটি খোব ভাল ছিল,1
নাটকটা কি বুজাতে চাইলোবুজলাম না বিষয়টা,0
ছি ছি ছি নোংরা চু যতসব বাল ছাল,0
ছাতরীর অভিনয় টা ফালতু অতিরিকত নেকামি করছে,0
আগের মত ফিলিংস পাচছি নাকেন জানি ,0
বসের নাটকের গান গুলা অসাধারণ হয়,1
একটা নাটকে এত এডড আসলে আবার বালে নাটক দেখবে,0
একজন অসাধারন অভিনেতা  ভাই নিশো,1
অনেক ভাল হয়েছে অনেক দিন ধরে অপেকষা করছিলাম,1
বাজে নাটক এগুলো দেখে ছেলেরা নষট হয়,0
অপূরব হয় সেরা বরতমান রোমানটিক গুরু,1
বিশরী নাটকনিশু অনেক বেয়াদব হয়ে গেছে,0
আদনিকঅতা আমাদের বেয়াদব বানিয়েদিচে,0
রিয়াজ ভাইয়া আপনার নতুন মুভি দেখতে চাই,1
নাটক দেখলাম নাকি ফানি ভিডিও দেখলাম বুঝতে পারি নি,0
বিয়াদবীর একটা সিমা তাকা দরখার,0
তুমি আমারই নাটকে  অনেক গুলো পরিয় মুখ একসাথে দেখলাম,1
নাটকটাতে নামাজের বযপারটা অনেক ভাল লেগেছে,1
এইটা আমার বালের নাটকবালের কাহিনী বাল নাটক,0
ওপেকষায় চিলাম ভাই অনেক ভালো লাগলো,1
মেরিল পরথম আলো   এর পুরসকার টা এই জুটিটার পাওয়া উচিত,1
অসাধারন লাগলো খুব ভাল লাগলো,1
ইউটিউব এ ও আর নাটক দেখা যাবেনা এযাড এর জনয,0
এই নাটক দেখার আগে মরন ভালো ছিলো,0
বালের নাটক করসে পরি চালক এর মাইরে বাপ,0
শাহনাজ খুশি খুবই ভাল মানের অভিনেতরী,1
শামীম ভাই এর শেষের কথা গুলো ছিলো অসাধারণ,1
ঢাকনা পলিজ ঢাকএইটা কিনতু অসথির হইছে,0
ভালো জিনিস আসতে আসতে শেষ হয়ে যাচছে,0
অনেক অনেক সুনদর হইছে সো নাইস,1
অনেক ভালো একটি নাটক এক কথায়  ভালো লাগলো নাটকটি ,1
সাউনড সিসটেমটা ভালো না,0
নিশো ভাইয়ের নাটক মানে নতুন কিছু  খুব ভালো লাগছে,1
এরকম কলাসলেস নাটক আমি আগে দেখিনিঅসভয,0
এতো সুনদর একটা নাটক অনেক সময় পর দেখলাম,1
ইভানা আপুর অভিনয় অনেক ভাল হয়েছে,1
বাংলা নাটকের পোশাকগুলো দিন দিন খারাফ থেকে খারাপের দিকে যাচছে,0
অনেক সুনদর এরকম নাটক হলে আমাদের পরিবার গুলোউপকৃত হত,1
আমার সবচেয়ে পরিয় গলপ আমি সতযি অনেক কিছু জানতে পারলাম,1
দুই জনই অসাধারণ অভিনয় করছে দারুন,1
এবার করবে সে রকম মাগী খোর,0
যারা কমেনট পড়তাছেন তারাএইখানে একটা  গুতা মারে,0
ভারতীয় নাটকের মত মনে কত মনে কথা বলা শুরু করছেন,0
অসাধারণ আরিয়ান ভাইকেমনে পারেন,1
শেষ টা ভালোলাগল না   টা গলপের মতোই লাগল শেষ টা,0
এখন জুতাটা খুইলা কারে মারা উচিৎ বল,0
আমার জীবনে দেখা নাটক গুলির এটাই সেরা ,1
নাইয়িকা ভালো হয় নাই মানায় নায়,0
অনেকদিন পর এই নাটকে আলগা সিদদিকরে দেখালাম,0
আহ কি সুনদর নাটক এরকম নাটক চাই বাংলাদেশের মানুষ,1
ভালো লাগলো শাহিন সুমন ভাই,1
ভাতের জিনিস টা খুব ভালো লাগছে,1
নিশো বস আসলে আপনি একজন মারাতমক মানুষ,0
আমার লাইফে দেখা সবচেয়ে ফালতু নাটক এটা ছিল,0
অসমভব সুনদর  বাংলাদেশের নাটক খুব ভালো লাগে,1
ভাই রে আমারোও ঘুমাইতে দেয় না,0
নিজের বিয়েতে নিজে এভাবে নাচে নাকি ডিরেকটর কি পাগল নাকি,0
এমন অশলীল নাটক মনে হয় ইনডিয়াতে ও বানায় না,0
অসাধরণ আরফিন ভাই আর তানজিন তিসা,1
ফালতু নাটক নিশো ভাই একটু ভালো নাটক করেন না,0
আমার সব থেকে ভালো বনধু হল আয়না কারণ আমি যখন কাঁদি তখন সে হাসে না,1
রাইটার এবং পরিচালক দুটাই ফালতু,0
মোশারফযার নাটক আর দেখতে চাই না,0
গাঁজা খেয়ে নাটক বানাও মাদারচোদ একটা,0
মেহজাবিন তো সেইরকম এতটা ভাল অভিনয় আশা করিনি,1
নাটকটি খুব সুনদর ছিলো মনোযোগ দিয়ে দেখলাম,1
এটা নাটক কি বানায় না বানায় বুঝিনা কিছু,0
শামিম ভাই বস  শেষটা অসাধারণ,1
কোন বলদে বানাছে নাটক টা এটা কোন নাটক হল,0
কি এইডা নাটক  পুরাটাইতো ঘসা ঘসি,0
এখন মেয়েরা বদমাস টাকা জনয অনেক কিছু করতে পারে৷,0
ফালতু কনসেপটশিকষনীয় কিছু নাই নাটকে,0
তরসব কি কোন নাটক হইলো ফালতু,0
কি আজব বাপযদি আমার বাপটা এটা দেখতো,0
আমার বালের নাটক মিজাজটাই গরম হয়ে গেছে,0
নাটক টা সতযি অনেক সুনদর লাগছে,1
শেষে ফালতু আবেগের চুদনটা না দিলে কি হইতো,0
অজথা টাইম নষট করলাম একেবারে ফালতু একটা নাটক,0
ধারমিক বিষয়টা খুব ভাল লেগেছে,1
গারলফরেনডকে লযাং মেরে আটকানোটা পছনদ হইছে,0
সেই রকম খোড় সিরিজের সবচেয়ে ফালতু নাটক এইটা,0
নিশো ভাইয়ের কথা শুনতেই ভালো লাগে,1
নিশো ভাই আর তানজিন তিশা আপু কে দারুণ লাগতেছে,1
নিশো পাগলা টা ফাটাইয়া দিছে,0
জোশ একটা নাটকগলপটা খুব ভালো লাগছে,1
ফালতু একটা নাটক বাসতবতার সাতে কোন মিল নেয় বালের নাটক,0
একই কাহিনী একই ধাঁচের অভিনয় বিরকতিকর আর কত,0
নিশু ভাইয়ের মাথযার টুপি দেওয়াটা খুব ভালো লাগলো,1
এটা কি নাটক না অনয কিছু,0
খুভ ভালো লাগলো নাটক টা অনেক কিছু শিখার অাছে,1
দামি জামা পড়ে লাভ কি যদি  টাকার বরা দেখা যায়,0
এতো ফালতু নাটক জীবনেও দেখিনাই,0
ভাড়ামোর একটা লিমিট থাকা উচিত,0
বাসতবমুখী নাটক অসাধারণ,1
লাইফের দেখা সবচেয়ে লেইম নাটক,0
বলার ভাষা নাই অসাধারণ নিশুও মেহজাবিন,1
শবনম ফারিয়া একজন সসতা অভিনেতরী,0
এত গালির পরও পোষাক পরিবরতন হয় না,0
অশলীলতা ছাড়া কিছু নাইনিশোর কাছে এটা আশা করিনাই,0
আমার মত কার কার ভালো লাগছে,1
বালের ফালতু নাটকযারা বৌ রেখে পরকিয়া করে তারা পুরুষ না কাপুরুষ,0
আজাইরা  এমন মেয়ে হয় নাকি ফালতু তরকটা নাটক,0
ভালো লাগলো না নাটক টা,0
মাদার চদ রা দিন দিন নাটক এর পোশাক কি করতাছে,0
ওয়াওওওওসেই ভাললাগছে,1
কুকুরের নাম ফাহিম হবে কেনও  এটা একটা  অসুসত মনের পরিচয়,0
অসাধারণ একটা নাটকশামীম সরকার ভাই যে নাটকে আছে ঐটা   হবেই    ,1
বহুদিন  পর  রাত জেগে চরম  ফালতু একটা  নাটক  দেখলাম,0
সামনে থাইকা সরো নাইলে তুমি সহ ভেতরে ঢুইকা যাবা,0
লাসটের টুকু ভালো লাগে নাই,0
চোদনা হইতে চাইলে এইটা দেখা উচিত মাচোদরা নাটক বানায়,0
পরতযেকটা চিতরই পরাণবনতছিল,1
বরতমানে আরফান নিশো টপ হিরো,1
নাটকের মধযে এত হাগা হাগী শুরু হইছে  কেনো,0
সরাসরি  দিয়ে দিতা অশলীলতা আর কত শামীম ভাই,0
আমার দেখা সেরা নাটকের একটিঅনেক ভালো অভিনয় করেছে নিশো,1
অনেক সুনদর নাটক সুখ এবং দুঃখ মিলেই জীবন,1
অনেকদিন পর একটা ভালো মানের নাটক দেখলামখুব ভালো লেগেছে,1
কুততার বাচছা ডাকলো কেন কেটে পেলছে এটা ঠিক হয়নি,0
এক জিনিস বার বার ভাল লাগে না,0
থারডকলাস মারকা নাটকএমবি ফেরত দেমাদারি অককল,0
যে নাটকে ধন দাড়াযসেই নাটক বাংলাতে চলবে না,0
নাটক টার নাম তুমি আমার না হয়ে বাবুল সিং হলে ভালো হতো,1
এই সব বালের নাটক কে বানায় রে ভাই ফাউল,0
খুব সুনদর হয়েছে আমি নাটকের সেষ পানতে খুব কেঁদেছি,1
কমন ষটোরি কিনতু অভিনয় অসাধারণ,1
আমার অপূরবর নাটক ভালো লাগে না,0
যেমন গলপ তেমন আভিনয়আসাধারণ,1
আরো নাটক দেখতে চাই অপূরব ও তানজিন তিশার,1
ফালতু নাটক বাল টাইমডাই নষট,0
ফালতু সকরিপট ফালতু কাহিনী,0
কারন আমার সময়টা নসট করার জনয,0
নাটকের নাম  চটি দিতেন যতসব নোংরামি কথাবারতা,0
বালের নাটক কোন ছাগল মহা রাম ছাগলের বাচচা এর পরিচালক,0
এমন সুনদর নাটক আরো চায়,1
খুবই ভালো লাগলো এক কথায় মন ছুঁয়ে গেল,1
এতো এযাড আর চুদলাম না বিরকতিকর,0
এই ফালতি গুলা বাংলা  নাটক কেও ডুবাবে,0
তাসনুবা কে এত বেশি ভাললাগে কেনকরাশের ডিববা একটা,0
নাটক টা শেষটা খুব বিরকতিকর লাগছে,0
এই জিনিসটা খারাপ লাগে শেষে মিল হয় না দুত বাল,0
লাগাইতে চায় তা বৌয়ে বুঝতে চায় না নাদান অবুঝ বৌ,0
দারুণ একটা নাটক পরথম পারট টা ও দেখছি,1
এই নাটক টার ইংরেজি সাবটাইটেল সহ দিলে ভাল হতো,1
নিশু ভাই জোস এক কথাই অসাধারণ,1
এক কথায় অসাধারন ছিল বলে বুঝাতে পারবো না এত ভাল লেগেছে,1
অসাধারণ টা নাটক দেখলামধনযবাদ সবাইকে,1
পরিচালক মনে  হয় গাজা খাইছে  সময়টা  নষট করলাম,0
শুরুটা বাজে শেষ টা অসাধারণ  শেষ ভালো যার সব ভালো তার,1
কুততার নাম  আর মানুষের নাম এক আজব,0
নিশু ভাই আপনের নাটক যত দেখি তত ভাল লাগে সালাম তমায়,1
শেষের অংশটুকু ভালো লাগলো না,0
দেশীয় সটার জলসা চালু হচছে মনে হয়,0
অশলীল কথা ও অঙগভঙগি না করলে আরও ভাল লাগত,0
আমার দেখা সব নাটকের মাঝে এটাই বেসট,1
অনেক সুনদর একটি নাটকনা দেখলে মিস করবেন,1
গলপটা দারুণ হয়েছে নিশো মানে আলাদা কিছু,1
এখনো ভাল লাগছেকয় একদিন পর পর দেখিপরব  আসলে ভাল হয়,1
ভোদার নাটক সবকটা হিজড়া,0
অনেকদিন পর একটা ভাল নাটক দেখলাম,1
বাজারে কি  টেবিল চামচ অাদা বাটা বিকরি করে  লুল,0
বালের নাটক এমবি নষট করলাম,0
অনেক ভাল লাগল কিনতু বড় ছেলের চেয়ে বেশি না,1
শেষ টা খুব সুনদর হয়েছেবিশেষ করে নামাযের উপদেশ টা,1
না বলা অনেক কিছু এই নাটক টির সাথে মিলে যাওয়াভালো লাগলো,1
তিশা এত সামাজিক ডরেস পরা ধরল কবে থেকেভাল লাগল অনেক,1
কি বলবো অপূরব ভাই এর কথা খুব পছনদ করি তোমাকে,1
ভালো থাকুক ভালোবাসা সব সময়,1
আগের মত ভালো লাগেনা বস এর নাটক,0
শাহাব উদদিন শানত কুমিললা পরবাসী এক কথায় অসাধারণ নাটক,1
সতযিই অনেক সুনদর লাগছে নাটকটা,1
মিজানুর রহমান আরিয়ান মানে চমক এক কথায় অসাধারণ নাটক,1
অশালীন ভাষা বযবহার করায় নিকৃষট মান পেয়েছে নাটকটি,0
ডরেসআপশালার জুতা পিডা করতে ইচছা করে,0
শিকষা কিছু নাই বাজে নাটক,0
এক কথায় অসাধারণ ছিল শেষ মুমেমেনট এ সতযি কাননা পাচছিল,1
জাসট অসাধারণ   জন মাদারচোদ ডিসলাইক কি কারণে দিলো ওরা জানে,1
সব মিলিয়ে অসাধারন একটা গলপ,1
অসাধারণ হয়েছে কি বলবো আর,1
তিশা ছাড়া আর কোনো অভিনেতরী নাই অসহয,0
অনেক বেশি ভাল অভিনয়  খুব বেশি ভাল লাগল  অনেক অনেক অনেক সুনদর ,1
নাটকটির মধযে শালিনতার অভাব  কোরতেছি,0
এতটা ফালতু নাটক কেমনে বানান,0
লাইফ এর সাথে অনেক বাজে ভাবে মিলে গেসে,0
এই ধরনের নাটক তো সমাজে অনেক কষতিকারক,0
দারুন দারুন দারুননামাজের বহিপরকাশ টা,1
সতযি অসাধারন  অনেক ভালো লাগলো,1
আমি  বার দেখেছি যত দখছি ততোই ভালো লাগে,1
নাটক টা অসাধারন কিনতু সিগারেট খাওয়া ভালো না,0
অসথির এক কথায় অসাধারণ হইছে,0
ভাই নাইস নাইস তিশা আপুকে আরোনাইস,1
এই নাটকে সবচেয়ে ভালো লাগছে নিশু ভাইয়ের নামাজ পড়ার কথা,1
ভালো লাগছেঅসাধারন একটা নাটক,1
নাটকটা যতটুকু খারাপ ছিল তার থেকে বেশি ভালো ছিল শেষের কথা গুলো,0
নামাজের উপদেশ টা খুব ভালো ছিলো,1
নাটকটার শেষ কোথায় তা আর দেখতে পারলামনা,0
একই ভাঙা কযাসেট কতদিন চলবে,0
ফারহানের একসপরেশন অসাধারণ বাজেপুরাই ফালতু,0
অসাধারণ নাটক খুবই ভালো লাগছে,1
সততি কথায় নাটক টা ওসাদারোন খুব ভালো লাগলো,1
নামাজ পড়ার বিষয়টা ভালো লাগছে,1
ফোন রিসিভ করতে করতে কাপর চেনজ হলো কিভাবে ফালতু,0
পরিচালকের বাপ ও মনে হয় এমন ছিলো  বোকাচোদা,0
আলহামদুলিললাহ নাটকটা দেখে অনেক ভালো,1
নাটকটা মোটামুটি ভালো লাগলো বেশি ভালো না,0
অসাধারণ আর তানজিন তিশা সে তো সে,1
অসাধারণ একটা নাটক অনেক কিছু শেখার আছে,1
বাংলাদেশের শীরষ আবাল নাটকআমার এক ঘনটা জলে গেল,0
তিশার চরিতর টা খুব হারড ছিলো,0
সময় নষটএর থেকে ইনডিয়ান সিরিয়াল জুশ,0
সুনদর একটা নাটক দিয়ার জনয,1
এইটা নাটকের কোন জাত ই হয় নাই,0
মাধার চুদেরা নাটকের মাজে এড যোগ করে,0
কি গালি গুলা দিবোতবে মাইয়া টা বেশি নিরলজজ,0
মাবরুর রশিদ বাননা ভাই সতযি তুমি পরশংসার দাবিদার,1
অসমভব রোমানটিক  অভিনয়  খুবি ভালো ছিল ,1
অসাধারন জুটি  পাসা পাসি অবিনয় সেই লাগে ভাই কুয়েত,1
ছাতরীটার ঢং করে কথা বলাটা ভাল লাগেনি,0
নাটক টা  ছিলো  এর মতো পরায়,1
ফালতু একটা সীমা থাকেএটা সীমা অতিকরম করা ফালতু,0
সরবকালের সরবশরেষঠ বাজে নাটক,0
এভারের সেরা নাটক হবে আফরান নিশো ও তানজিন তিশার,1
একি কাহিনি দিয়ে আর কত নাটক করবেন,0
ভালো লাগার মতো একটি নাটক,1
শবনম ফারিয়া ভাল করে  কথা বলতে পারেনা,0
অশলিলীতায় ভরপুর এসব নাটক করে সমাজ ধবংস হচছে,0
আমার দেখা সেরা পরিচালক আরিয়ান ভাইসব সময় ভালো গলপ হয়,1
দেখার আগেই লাইক দিলাম  কারণ  জানি নাটক টা অনেক অনেক মজা হবে,1
অনেক ভালো লেগেছে তুমি আমারই নাটকটি,1
 মিনিটে এসে আর মজা টা রইলো নাবাকিটা কি হবে কে জানে,1
বাবারা এমোন কেনো শুধু নিজের ভাল চাই,1
এই মলিলা মজার নাটক নসত করে দেই বযবহার অনেক খারাপ,0
বাংলা নাটকের গোয়া মোশাররফ করিম গং রাই মারতাছে,0
অনেক সুনদর নাটক আগে তো জানতাম না সতযাি নাইছ,1
নাটকটি পরশংসা করার মত সব মিলে অসাধারণ নাটকটি,1
ফারিয়া আপুর কাছে অনতত এমন গলপে অভিনয় আশা করিনি,0
সতযি নাটকটা অসাধারণ ছিলদেখে খুব তৃপতি পেলাম,1
লাভ ইউ নিশু ভাইয়া কে কে নিশু ভাইকে ভালবাসো,1
অনেক দিন পর এতো সুনদর একটা নাটক দেখলাম,1
মোশাররফ করিমের এমন নাটকে অভিনয় করা উচিত ছিল না,0
নাটকটা জোস   টা ভাল লাগল না,0
মাদার চোদ পরিচালক সব পালতু সব আঁটিস,0
একটু বেশি নেকামি হয়ে গেল না তিসার,0
আমি একজন করেজি লাভারপরেম করতে করতে ভিততে ডুইকা গেছি,0
নিশোর নাটক দেখে পুরাটা দেখলামযততসব ফালতু নেকামি,0
এটো নাটক হলো লুচচামিতে ভরপুর,0
অসাধারণ ভালোলাগার নাটকশত ভালোবাসা তোমাদের জনয,1
ভালো লাগে নাই নাটক টা,0
আললাহ আমারে এমন একটা লকষমী বউ দিও,1
টা ইডিয়ট ডিসলাইক দিয়েছে আর কিছু বলার নেই,0
শাউয়ার নাটক অযথা সময় নষট,0
নামাজের অংশটা একটা অনয ধরনের ভালোলাগা তৈরি করেছে অসাধারণ ভাইয়া,1
অনেক ভাল লেগেছেসব কিছু গোছানো ছিল,1
অসাধারণ একটা গলপধনযবাদ সবাইকে,1
নাটকটি এত সুনদর আর সবার অভিনয় অনেক নযাচারাল,1
অশলীলতার পরয়োজন নেই বাংলাদেশি নাটকে,0
ফালতু নাটক সময় টায় শুধু নষট,0
অনেক ধনযবাদ এচ সুনদর নাটক উপহার দেয়ার জনয,1
অসাধারণ কিছু বলার ভাসা নেই,1
নামাজের দৃশযটা   খুব ভালো লাগলো,1
বাংলা নাটক দিন দিন বাজে হয়ে যাচছে,0
নাটক টা খুব সুনদর ছিল এরকম নাটক আরে চাই,1
অপূরব মানে আসাধারন কিছু একটা,1
ভাইয়া আপনি যে এতো ভাল নাটক উপহার দিতে পারেন  ,1
এখন নাটকগুলোও পরিবার নিয়ে দেখা যায় না,0
অসমভব সুনদর একটি নাটক অনেক ভাললেগেছে,1
অনেক সুনদর গলপটা  আমার  জীবনের সাথে মিলে গেছে,1
আমার সব বনধু অরপবর নাটক দেখতে ভালোবাসে,1
নাটক টার ভিতরে কোনটা মজার সুনা না দুদু,0
জোশ লাগছে অনেক সুনদর নাটক ধনযবাদ সবাই কে,1
হা হা হানাটকের আগা মাথা কিছুই বুঝলাম না,0
সুনদর একটা নাটক ভালো লাগলো,1
 নাটক মনে হচছে দুদুর তেল লাগবে সোনা মিলার মাঝে নেই,0
যাতা রকমের বাজে একটা হইলেই হইল আরকি,0
নাটক টা মোটেও ভাল লাগে নাই,0
অসাধারণ অসমভব সুনদর একটি নাটক অনুভব করলাম,1
নিশোর অভিনয় এক কথায় অসাধারণ,1
টিক আছে ভাই নামাজ পরার পরামরশ দেওয়া ভাল,1
ভাই এইটা কি নাটকএর চাইতে গরুর রচনা ভালো,0
জয়েন ফেমেলী সুনদর সমাধান চাই,1
তানজিন তিশার অভিনয় খুব ভালে লাগছে   অনেক ধনযবাদ আপুকে,1
নাটকের কাহিনী অসাধারন হয়েছে,1
বাজে একটি নাটক দেখলাম পুরাই ফালতু,0
হাসতে হাসতে শেষ ভালো লাগছে,1
নাটক টা  কিনতু দারুন ছিলো,1
অপূরব সতযি অনেক ওভারসমারট টা ভীষন চরম,1
পরথম দিকে তিশা কে পাগলের মত লাগসে সকুল  ডেইছে,0
অনেক ভাল লাগল নাটকটানীজের জিবনের সাথে কিছুটা মিল পেলাম,1
নাটকে পরকিয়া অভিনয়   দেখানো  দেশকে  খারাপ দিকে ঠেলে দেয়,0
জীবন টা বড়ই সারথপর  আমার জীবন এর গলপ টি এমনি,1
সুনদর একটি নাটক দেওয়ার জনয ধনযবাদ,1
নাটকের মধযে সবচাইতে অশলীল  নাটক  এভাবে সমাজ ধংস,0
আখম হাসানের সকল ধরণের নাটকের অভীনয়ের জনয খুব ভাল মানায়,1
সব     চাইতে       অপূরব        এর        অভিনয়      ভালো       লাগলো,1
মজা পায়লাম আমার এখনিই বাচচা লাগবে,1
আশলিলতায় ভরপুর বাজে নাটক,0
দেখা শুরু করলামঅবশযই ভালো হবে,1
অসাধারণ একটা নাটক আর নাটকের মিউজিক গুলা ও ভালো চিল,1
জীবনের দেখা একটা সেরা নাটক বাসতব জীবনের সাথে মিলের শেষ নাই,1
ধনযবাদ ভাই    এমন সুনদর একটি নাটক দেয়ার জনয,1
অধিকাংশই বানান ভুল করে কমেনটস করেছেএটা দৃষটিকটু,0
লুইচচামির  মারতা বেরেই যাচছে,0
আজ কোনো পুরুষ নিরযাতন কেস নেই বলে৷,0
মেহেজাবিন এর একসটা কেয়ার করাটা একটু ভালো লাগলো না,0
উলজঞ নারী তিশা নেংটা হতে হতে আর কত,0
সুরাইয়া আমার কলিজা  আমি অনেক ভালোবাসি তোরে,1
বালের নাটক  এই সব নষটামি কোন মানেই হয় না,0
কি কমেনট করব কোনো ভাষা খুজে পাচছি নাএক কথায় অসাধারণ,1
সাফার অভিনয় দিনদিন খারাপের দিকে যাচছে,0
ফালতু নাটক গুলোর মধযে অনযতম এই নাটক,0
খুবই সুনদরআমাদের বাংলাদেশের নাটকগুলো সবসময় সুনদর হয়,1
শালা তোরা পাগল এটা কোন নাটক হলো এটা পাগলের কারখানা,0
যত বার দেখি ততবার ভালো লাগে অসাধারণ,1
বোঝেনা  খেত  বোকা নিরবোধ,0
অসাধারণ নাটকরেসপেকট ইউ বস নিশো,1
সতযিই অসাধারণ চোখে পানি চলে আসলো,1
এই বছরের সেরা নাটকআরিয়ান ভাইয়ের কাজগুলো সতযি অসাধারণ,1
খুব খুব খুব ভালো লাগলো,1
গলপটা ভালো হয়েছে আর অভিনয়ের তো কোন জবাব নেই,1
এই সালা একটা পাগলআজাইরা যেতো  কাহিনী,0
অসাধারণ একটা জুটিঅনেক ভাল লাগছে,1
ফালতু নাটক একটা এই কি বানালো,0
গলপের শেষ টা খুব বেদনাদায়ক,0
সতযি বলতে অসধারন অপূরবর সব নাটক দেখার মতো      অপূরব,1
পরিয় নায়ক রিয়াজভালো লাগছে নাটকটা,1
কেমেরা গুরায় না মাথা গুরায়  কী ফালতু নাটক রে দাদা,0
এই সিরিজের সব চেয়ে বাজে নাটক,0
সালা মিউজিক টা গাঢ় মারলো নাটক টার,0
কিছু বুঝলাম না নাটকের মধযে,0
শশুরের অভিনয় ও চেহারা দুইটাই খারাপ,0
বাসতব জীবনের একটা ছোট গলপ  বেশ ভাল লাগল,1
নাটক হলেও অনেক বেশিই বাসতবিকতার ছোঁয়া আছে ভালো লাগছে,1
ফালতু টপিক নিয়ে নাটক বানানো বনধ করুন পলিজ,0
হেড়া নাটকওভার একটিং ফালতু,0
এত ভাল লাগলো বলে বুঝানো যাবেনা,1
ধনযবাদ  শাহানাজ খুশিকে অসধারন অভিনয়  করার জনয,1
ভাই এসব অশলীল ভাবে না বানালে হয়না,0
জোর করে লোক হাসানো ভাঁড়ামি,0
সালা পরিচালকের বাচচা কে  জোতা মারা উচিত সবাই,0
নাটকের নামে বাংলা সংসকৃতিকে বরবাদ করছে,0
এত সুনদর নাটক অনেক দিন পর দেখলাম,1
অসাধারণলাসট পারটটা আরও ভাল লাগলো,1
টাইটেলে সাইনস বানান টাই ভুল  হবে,0
আমার মনে হয় নাটকের ডিরেকটর এবং রাইটার দুইজনে হিজড়া,0
শামিম ভাইয়ের কাছে এমন নাটক আশা করি নি,0
সমাজে এরকম নাটক আমরা চাইনা,0
বিদেশ আছি আপনাদের নাটক দেখে ভাল লাগে,1
অপূরবর নাটক আমার খুব ভালো লাগে,1
অপূরব সিগারেট তোমার সাথে যায় না,0
ভাইরে তোরা বাসতবতার সাথে একটু মিল রাখ,0
আবারো সেরা নিশো  মেহজাবিন জুটি,1
দিন দিন ভাইয়ের নাটক বাজে হচছে,0
বরতমানের ফালতু নাটক ভালো কোনো  নাই,0
আমার দেকা সেরা সুনদন একটি নাটক অনেক বার দেকেছি  খুব ভাললাগে,1
জেরিনের বাবার উচিত হয়নি আয়নের সাথে যোগাযোগ করা,1
অনেক দিন পর বসের নাটক দেখলাম আর পরান ভরে হাসলাম,0
মিজানুর রহমান আরিয়ান ভাই আপনার পরিচালনা অসাধারণ লাগে,1
কথায় কথায় এতো ইংরেজি সুধাইলে বাংলা ভাষার জনয পরান দেয়ার কি ধরকার ছিল,0
নাটকে এভাবে ধরাধরি  ঠিক না তাতে  পরিবার সহ দেখা যায় না,0
নাটকের কহিনি ভাল লেগেছে   নাটকের নাম বযচ  কেন,1
এটা কোন নাটক হল পুরো একটা ফালতু নাটক,0
খুবই সুনদর মন ছুয়ে গেলো,1
ভারত থেকে বলছি খুবই সুনদর নাটক দেখলাম একটা,1
অনেক নাটক দেখলাম এই রকম ফালতু নাটক দেখিনি,0
তিশার পোশাক গুলো বাজে ছিলো এটা মেনে নিতে পারলাম না,0
মোসাররফ করিমের চেহারা এখন হিজরা হিজরা লাগে,0
এতো নোংরা ভাষায় নাটক না করলেই কি নয়,0
বসতি তিশামারা খাওয়া এমন কেনদেখতে,0
মুসুললির অভাব নাই   নামাজের সময় মাসজিদ ফাকা,0
মোশাররফ করিমের সব খোর নাটক গুলাই বাজে,0
মিজান ভাইয়ের কাজ বর বরেই ভালো হয়,1
মোশাররফ করিমের অভিনয়ে সেই আগের মত ধার নাই,0
বাজে একটা নাটক  ভাষা গুলো খুব বাজে বাংলা নাটক দিন দিন বাজে হয় যাচছে,0
বোকা ছেলেরাই বেশি কেয়ারিং হয় মেয়েদের এটা বুঝতে হবে,0
এই সব নাটক না করে শরাসরি  ভিডিও বানাইলেই পারতেন,0
শেষ টা ভালো লাগলো না নাটকে এটা মানায় না,0
সুনদর নাটক আমার খুব ভাললেগেছে,1
ফালতু নাটক মিনিট হুদাই নষট করলাম,0
খুব ভালো লাগলো নাটকটি দেখে,1
নাটক টি  যত দেখি তত দেখতে ইচছা করে,1
শেষ টা অসাধারণ ছিল আর নাটকের মূল মেসেজ ছিল নামাজ,1
নাটকের অনেক ভুল আছেকিছু কষেতরে মিল নেই,0
শেষটা ভালো লাগলো না তাই আরো এক পবো চাই,0
 বড় ছেলে নাটকটা অসাধারণ হয়েছে এই রকম নাটক দেখিনি,1
এই নাটকটা আমার জীবনের সেরা নাটক,1
আমি কখনো কমেনটস করি নাই ৷অসাধারণ হইছে,1
আগে ভালো বাসতাম অপূরবকে আর এখন নিশুকে,1
তিশার অভিনয় অসকার পাওয়ার মত হইছে,1
এই সব বালছাল মারকা নাটক বানায় কে আর দেখেই বা কে,0
বোঝেনা  বোকা নিরবোধ,0
নাটকের ফিনিশিং টা ভালো হলো না,0
আমার দেখা সেরা নাটক অনেক হাসলাম শামিম তুমি বেসট ভাই,1
বিঙগাপনটা একটু বেশিই হয়ে গেছে কি বলেন সবাই,0
নাটকটার কিছু  কিছু    আমার কাছে তেমন ভালো লাগে নাই,0
অামার দেখা জীবনের সেরা নাটক এটা,1
মাদারিরা নাটকের মধযে ও এড দেয়,0
যোগয পরাথী হারালে কানতে হবে আড়ালে,0
অসাধারন কাহিনী বাসতবতার সাথে মিলে যায়,1
বাংলাদেশের মেয়েরা আর কিছু  বছর  পর এরকম  করবে,0
বাংলা নাটকের গুয়া মেরে দিলো অশিলতাই ভরপুর,0
এই সালা পরিচালক এটা কোনো নাটক হলোপুরা নাটক ফালতু,0
অসাধারণ একটা নাটক সবার দেখা দরকার,1
অসাধারণ  লেগোছো অভিনয়,1
শামীম ভাই এই সব কি আমজনতার কথা ভাবলেন না বাজে নাটক ,0
বালছিরা মারকা পরিচারক ফালতু সালারা নাটক বানায়,0
সেরা নাটক এর থেকে ভাল নাটক হয়নাসতযি অসাধারণ,1
নাটকের কিছু কথা অশলীল যা কখনো কাময নয়,0
অসাধারণ নিসু ভাই তুমার টুপিটাও সুনদর হইছে,1
নাটকের  মিনিটের সময় এতো খারাপ লেগেছে বলে বুঝাতে পারবোনা,0
রাইটার আর ডিরেকটর সমানে ছা গ ল,0
অসংখয ধনযবাদ পরিচালক কে সুনদর নাটক বানানোর জনয    ,1
মোশারফের আর আগের সটযানডারড নাই পুরাই গুয়া মারা সারা,0
সুনদর নাটকঅনেক ভাল লাগলো,1
দুনিয়ার অনযতম একটি ফালতু নাটক দেখলাম,0
অনেক সুনদর হইছে নাটক   আফরান নিশো ভাই  দোয়া রইল,1
সুনদরবাট বাসতবে সমভব নয়,1
নাটকটা দেখে আমিও কেঁদে ফেললাম       ,1
আসলে অসাধারণ একটি উপহার দিয়েছে নাটক,1
এবং মায়ের অভিনয় টা অনেক সুনদর হয়ছে এবং এমন মা সবার ঘরে হোক,1
ভাই আললাহর দোহাই লাগে এরকম নাটক আর বানাস না,0
আমাদের নোয়াখালীর পলাশের পরিচালনা ভালোই হতে হবে,1
নাটকের শেষ অংশটা অনেক ভালো লাগলো নামাজের উপদেশ দেয়ার জনয,1
নষটামি একটু বেশি এ হয়ে গেল নাবাননাহ,0
খুব ভাল লাগল নাটকটা অসাধারণ মন খারাপ ছিল ভাল হয়ে গেল,1
অমি ভাইয়ের সকরিপ থেকে নকল করা হয়েছে নাটকটি,0
ভাই নাটকটা সতযি খুব খুব ভালো লাগছে,1
অসাধারন গলপ অনেক ভাল লাগছে দুজনকে তিশা আফরানকে,1
এটা মানা য়ায় না একেবারেই পুরুষ নিরজতন,0
সটুডেনট টারে ইচছে করে কসায় একটা টাপপর মারি,0
অভদর নোংরা অসভয নাটক,0
এটা পরেমের কোন ভারশন মুখ দিয়া একটা আইসিল কইলাম না,0
গরু মারকা পরিচালক এমবি ফেরত চাই শালা,0
মেহজারিন এর বাল পাক নামি ভালা লাগেনা,0
তানজিন তিসা রিয়েলি অনেক হট এনড সেকসি,1
নিশো ভাই তুমি সেরাদারুন নাটক,1
পাগলামি করি হালাইছেবিরকতিকর নাটক,0
অসাধারণ নাটক এমন নাটক আরো দেখতে চাই,1
এই ভাবে সব নাটকে যদি নামাজের দাওয়াত দেই অনেক ভালো হয়,1
অনেক সুনদর একটা নাটক আপুকে এবং ভাইয়া ধনযবাদ জানাই,1
অসাধারননিশো ভাইয়া আপনার অভিনয়          সতযি,1
বাপরে বাপ এমন মেয়েকে বিয়ে করা আর মৃতযুকে কাছে টেনে আনা একই কথা,0
অভিনয় হলেও বাসতবতা ছিলো অনেক,1
বাজে নাটক একটা সময় নষট করা হলো,0
টাকার কাছে মোশারফ করিম আজ বিকরিত,0
নিশো ভাই নাটকটার সকপট টা ভালনা,0
না দেখিয়ে নিরমল আননদের গঠনমূলক নাটক দেখানো উচিত ,0
নাটক  টা খুব ভালো ছিলো,1
নাটকা আমাকে ও কাদাইয়া ফেললোভাল এমন কাজই আমার চাই,1
খুব ভালো লাগলোসতযিই খুব সুনদর,1
মেয়েরা এতো পাজি হয় কেমন করেআবার কষমাও পেয়ে যায়,0
আমার কাছে অনেক সুনদর লাকচেকিনতু বাবা ছিল অনেক বেসি সাররথপর,1
ফালতু একটা নাটক পুরো সময়টা নসট করলাম,0
আমার কাছে অনেক ভালো লাগছে জানি না কার কাছে কেমন লাগবে,1
মনের অজানতেই চুখে পানি চলে এসেছে অনেক অনেক ভালো হইছে,1
তিশার জামা এখন খুব বেসি অশলীলতা  এসব কি,0
ফাউল নাটক শুধু শুধু সময় নষট,0
নাসতিক আর কুততার জনম যাদের সেই নোংরা পরিবার এই নাটকে,0
এইসব ফালতু কযারেকটারের কারণে আজকে নাটকের এই অবনতি,0
চরম বাজে ভিডিওগরাফী শুধু মাথা গুরতেছে,0
অসাধারণ নাটক টি কার কেমন লাগলো বলে যাবেন,1
একটা ভালো ছেলেকে একটা মেয়ে কি ভাবে খারাপ করে চলে যাই,1
নামাজের দাওয়াত খুব ভাল লাগল,1
আসা করি আগামীতে আরো সুনদর নাটক পাবো,1
সতযি অসাধারণ একটি নাটকখুব ভালো লাগলো,1
ফালতু একটা নাটক এবং ফালতু অভিনয়,0
আনেক ভালো লাগলো ভায়া,1
নিশো ভাইকে দাড়িতে খুব ভাল লাগে,1
এই রকম নাটক উপহার  দেওয়ার জননো সুকরিয়া,1
বালের নাটক এটা একদম সুনদর না,0
এই রকম লেইম সটোরি জীবনে দেখি নাই,0
কমন কাহিনী তবে অভিনয় অসথিরজুটিটাও অসথির,0
শামীম ভাই আপনি একটা মাল ভাই,1
পাগলামির একটা সীমা থাকা দরকার,0
এত ফালতু নাটকও বাংলাদেশে হয় হা হা হা কিরে শাউইননা,0
খুব ভালো হয়েছেএক কথায় অসাধারণ,1
পুরা নাটকে একটা মাগির ভাড়া করছে তাও আবার অভিনয় করে না,0
নাটকের গলপটা অসাধারন নিশো ভাই  সেরা,1
বাবা মায়ের সাথে এভাবে উচচসবরে কথা বলাটা উচিত হয় নি,0
মে এবং মেয়ের বাবারা সারথপর হয়,1
তোদের যেমন খুশি তেমন নাটক করবি না  এটা সমাজ বিরোধী ,0
তোরা তো আসলেই নষট তোরা তো রানডি মাদারচোদ,0
আমার দেখা সেরা নাটক ছিলো এইটা এই নাটকটাতে অনেক কিছু শিখার আছে,1
অনেক সুনদর একটা নাটক চোখের পানি ধোরে রাখা জায়না,1
এই সব কিসমাজের পরতি দায়িতবশীল অবসথান থেকে নাটক বানান,0
পুরো নাটক দেখেঅশলীল বলে চলে যানধনযবাদ সবাইকে,0
কুকুর নিয়ে অত বাডাবাডী ঠিক হয়নি,0
আসলেই খুব ভালো লাগলো,1
আগের বারের বুকের বা পাশেথেকেও অনেক ভালো লাগছে,1
নাটক দেখে নিশুর নাটক দেখা অফ করলাম  নিশু গাজা খোর,0
ধনযবাদ পরিচারকে এমন সুনদর নাটক উপহার দেওয়ার জনযে,1
সে এখন নিজের জনপরিয়তার বারোটা বাজাতে নেমেছে ফালতু নাটক,0
শালির ঘরের শালি তুই মজা বুজিস না,0
দেশের নাটক গুলো সসতা হয়ে গেছে,0
নিশো ভাইকে বলবো এমন অশলীল নাটক না করতে,0
বাল ছাল বানালেই নাটক হয় না,0
কমন না করে পারলাম না শালার নাটক বানালি মাদার সুদেরা,0
এই চরিতরে রিয়াজ কে একদম ফালতু মনে হইল,0
খুব সুনদর একটা নাটক অনেক ভালো লাগলো  ধনযবাদ,1
অনেক ভালো একটি নাটক  নামাজের কথা বলায় নাটকটি আরও ভাল লেগেছে,1
শেষ ফিনিশিং টা ভালো হয়নি,0
আমি এই নাটকের বালের ডিরেকটর রে দেখতে চাই,0
সালার নাটক এতো ভালো লাগে কেরে,1
কি অার বলবো এক কথায় অসাধারন,1
সুনদর নাটকটি আমার ভীষণ ভালো লেগেছে,1
অসাধারন  দেখতে দেখতে চোখে জল চলে আসল,1
লেবু বেশি চিপকাইলে এমনটাই হয়,0
ফাহিম নামকে অপমান করা হইছে তীবর  পরতিবাদ ও ঘৃনা জানাচছি,0
আশা  করি আরো ভালোনাটোক করুক,1
খুব ভালো লাগল এই নাটকে নামাজের উপদেশ দেওয়ার জনয,1
এই রকম একটি রাতরি জীবনের জনয পরয়োজন,1
একইরকম কাহিনী তাই তেমন ভাল লাগেনি,0
অপূরব আর আননদ খালেদকে অসাধারণ মানায়,1
বাজে নাটক এখানে খারাপ ছাড়া ভালো কিছু শেখার নাই,0
অসাধারণ কনসেপট কাজল আরেফিন অমি ভাই,1
সাফার ঢং দেখলে গাঁ জবলে,0
ভালোবেসে কোনো মানুষের কষতি করার অধিকার কারো নেই,1
আবারো নিশো ভাইয়ের অভিনয়ে মুগধ হলাম,1
এটাই বাসতব জীবনের গলপ হলেই ভালো হতো নাম টা,1
এত সুনদর  নাটক  আমি আর কখনো দেখেনি,1
অনেক বেশি ভালো ছিলো সটোরি  দুইজনের একটিং,1
নাটক নাটক ভাব কনটেনট এর অভাব,0
কি বলবো বলার ভাষা হারিয়ে ফেলেছি  এককথায় অসাধারণ,1
নাটকে অশলীল ডুকে গেছে বলে কেউ নাটক দেখে না,0
আমার লাইফ এর দেখা সব থেকে আজাইরা ফালতু নাটক,0
তানজিন তিশা একটু বেশী ঝুনা পাকা আরকি,0
ছোট করে বলছি নাটক টি অনেক সুনদর  বিউটিফুল,1
দেত শালার বালের নাটক এটা কোন কারেক টার  হলো নায়িকাদের,0
অনেক দিন পর  সুনদর নাটক দেখলাম,1
এনডিংটা ভাল লাগে নাই  আরো ভাল করতে পারতো,0
নাটকের নাম দেখলেই শরীর জবলে,0
অসাধারণ জুটিদুজনের অভিনয়ে অনেক ভালো ছিল,1
কি বোকাচুদা নাকি  এইভাবে কি  ঘুরায়,0
অসাধারণ একটা নাটক  অনেক ভালো লাগলো,1
নেকামির একটা মাতরা থাকেফালতু একটা নাটক,0
কি বলবো ভাষা নেই বলারসুনদর একটা নাটক,1
এটি কোন নাটক হয়লোসব টাইম পাস,0
কোন খানকীর পুতে এই ধনের নাটকের লেখক বালের নাটক,0
তানজিন তিশা ছেলেদের গায়ে বেশি বেশি ওড়তে ছায়  পালতু মেয়ে,0
অসাধারণ টা নাটকধনযবাদ আরিয়ান ভাই,1
মন থেকে ভালোবাসা ভাই আপনার জনয,1
নোংরামি বেশী হয়ছে অসভয,0
মা বাবার ভালবাসার কাছে নিজের ভালবাসা এভাবেই হারিয়ে যায়,1
গরুর মাংস না দেখালেই ভালো হতো,0
পাগলা নাটক একটাপুরা কাপাই দিছে,0
লাসট তাইলে দুদুমিয়া দুধ খাইছে,0
পাগল ছাগল পরিচালক  কোথায় থেকে যে আসে পালতু একটা নাটক,0
ভাই এ ভাই আপনার নাটক টা অনেক সুনদর হয়েছে,1
সব মিলিয়েই তুমি আমার দারুণ ভাগযরাশি,1
শালির ঘরের শালি মজা বুজিস না,0
আসলে পোশাক টা ভালো ছিলো নাহ,0
অনেক সুনদর একটা নাটক খুবই ভালো লাগলো,1
ফালতু নাটক সময় টাই বরবাদ,0
ফালতু একটা নাটক এর চেয়ে বাজে কিছু হতে পারে না,0
নাটকের শেষের কথা গুলি খুব ভাল লাগলো,1
বরতমানে নিশু ই সেরা অসাধারণ অভিনয়,1
ওই শালির ঘরে শালি একদম লরবি না মেরে ফেলবো কিনতু,0
মিল হওয়াটা খুব খারাপ লাগলো,0
আজাইরা নাটক কমেনট পড়েই দেখার ইচছা মরে গেছে,0
ধনযবাদএতো সুনদর নাটক উপহার দেয়ার জনয,1
পুরুষ জাতির ইজজত ডুবাইয়া দিছে,0
ফালতু নাটক দেইখা সময় টা নষট করলাম,0
তিশা আপপি এবং নিশো ভাইয়া পারফেকট জুটি,1
নাটুকের তো কিছুই বুঝলাম না,0
আবারও বুকের বা পাশের মতো এই নাটক পাবে,1
নাটকটা আনেক ভালো লাগলো,1
অসাধারণ একটি নাটক খুব ভালো লাগলো ধনযবাদ সবাইকে,1
অনেক অনেক অনেক সুনদর হয়েছে যা বলে বুজানো যাবেনা,1
নাটকে  ডিগরি ঘুরানোর মানে কিযততসব আজাইরা,0
ফালতু নাটক দেত সময় নষট,0
এক কথায় অসথির পরথম ভালবাসাগুলো বুঝি এমনি হয়,1
এত ফালতু নাটক দেখে মেজাজটাই খারাপ হয়ে গেল,0
দেখা শুরু করলাম নাটক অবশযই ভালো   হবে,1
নাটক টা খুব সুনদর হয়ছে,1
খুব সুনদর একটা নাটক য় পারট করেন,1
ভাই ভালো কোনো গলপ নাইবাজে গলপ,0
শাহনাজ খুশির অভিনয় সতযি অসাধারণ চখে পানি চলে আসে,1
আখম হাসান  মানে অসাধারন অনেক সুনদর  হইছে  নাটক টি,1
অনে দারুন ছিলো অসথির ভালো,1
ভাইয়ের নাটক সব সময় বেসট,1
এই সমাজে এরকম কিগঠে  মিথযা গলপ নাটক,0
সব ভাল নাটক কি এনটিভি ই বানায়লাভ ইউ এনটিভি,1
এতো ফালতু কিছু জীবনেও দেখিনাই,0
আমার দেখা সবচেয়ে ফালতু থারডকলাশ নাটক,0
লেবু বেশি চিপলে তেতো হয়ে যায় এক ধারা নাটক অফ করেন ,0
মিজানুর রহমান আরিয়ানকে ধনযবাদ কি দুরদানত নাটক,1
ফালতু নাটক মনে হয় পরিচালকের মাথা ঠিক ছিল না,0
সেরা ঈদের নাটকচোখে জল চোলে এলো,1
অসাধারন কাহিনি সেই সাথে অপূরব মিথিলা নিখুঁত অভিনয় করেছেন,1
আরো ভালো ভালো নাটক চাই,1
নাটক টা খুব ভালো লাগছে,1
কথার চেয়ে মিউজিকের আওয়াজ বেশি,0
ওরা হচছে সমাজ নষট হওয়ার জনয দাই,0
ফালতু একটা নাটক  থারড কলাস  জঘনয,0
আমি শিহরিত এই গলপের নাটক দেখে এর সেরা নাটক হয়েছে,1
মোশারফ করিম কে পাকিসতানি খুজে গুয়া মারতো,0
বালের একটা নাটক আমার দেখা সব থেকে নিশো বাজে নাটক এটি,0
 মিনিটের পর থেকে মাথার চানদি ঘুরছে মাদারটেসট,0
অসাধারণ ভাইনিশো ভাই তোমার দবারাই এটা সমভব,1
         কার কার নাটকটা ভালো লাকছে লাইক করে জানান,1
ছেলেরাই পারে এভাবে ভালোবাসতেঅসথির বস,0
এইটা কোন কথা সাইকেল থেকে পরলে এভাবে মাথা ফাটে,1
একটা ও নায়িকা সুনদর নাই এর চাইতে আমার বউ সুনদর,1
যদি সতযি বলি এটা একটা গাঁজাখুরি গলপ,0
যে সব নাটক গুলি হইয়াছে সব গুলি এক মনে হচছে,0
এই জীবনে অপূরবের সব নাটক দেখে নিতে হবেজীবনতো একটাই,1
ওমি ভাই আপনার অনেকে নাটক দেখছি বাট এইটা খুব ভালো ছিল,1
কোন আবাল রা যে  দেয় বুঝিনা,0
একটা কুকুরের নাম ফাহিম ফালতু যতসব নযাকানমি,0
আমার জীবনে সেরা একটা নাটক দেখলাম,1
মোশাররফ কারিম মানেই নাটকের নামে নিনম রুচির ফাতরামি,0
এই নাটকটা জে লিখছে ও গাজা খাইয়া লিখছে,0
আরাফান নিশু ভাই নাটকটা সতযি ভাল লাগছে,1
সময়োপযোগী নাটক  অসাধারণ,1
ধনযবাদ একটি ভালো নাটক উপহার দেওয়ার জনয,1
ভালতু নাটক একটা নাটক এতো ফালতু কি করে হয়,0
খালিডেলে দেয় অসাধারণ  কথা ভাই,1
আমার মতো পাগলা ফযান কে কে আছেন নিশো বস এর হাত তুলেন,0
হালারপো হালা আমার   ফেরত দে,0
চোখের পানি থামছেই না নাটকের সেরা জুটি,1
ইয়াক থুঃ আমার  মিনিট নষট,0
কোন গাধার বাচচা এই নাটক লিখছে,0
নাটক টা ভালো হবে তাই আগেই কমেনট করলাম,1
সতযিই অসাধারণ খুব ভাল লাগলো নাটকটি,1
খুব ভালো লাগলো সেই মজা পাইলাম,1
 সালের সব চেয়ে ফালতু নাটক এটা,0
গলপ তেমন ভালো না ঈদের ছুটি সময় পার করছি,0
কোন মাদারচোত বানিয়েছে এমন ফালতু নাটক শালা,0
আমার দেখা     নাটক এইটাখুবই ভাল ছিল,1
এর পরে সেইরাম গাঞজা খোর চাই,0
ফালতু  একটা নাটক শুদু সময় নষট,0
অসাধারণ খুব ভালো লাগলো,1
অভিনয় সতযিই অনেক কঠিনমা কে বিটি বলা লাগছে অভিনয় এর জনয,1
ভালোই লাগলো নাটকের ইভেনট গুলো সুনদর ছিলো,1
অসাধারন শেষ  সিনে নিজের অজানতেই  চোখ  গড়িয়ে পানি,1
সতযিকারের ভালোবাসা গুলা এরকমই হয়,1
বিনোদনের নামে পাগলামি ছাড়া আর কিছুই নেইযতসব,0
অসাধারণ আমার কাছে অভিনয় মনে হয়নি বাসতব ঘটনা মনে  হল,1
এই নাটকে  দেয় কোন বুদধিজীবীরা,0
নাটকের কাহিনি টা ভাল লাকছে,1
দুদু কোথায় দিনদুপুরে এসব কি হুম,0
এইভাবেইতো মাইয়ারা ছেলেদের মাথাটা খায়,1
নামাজের বিষয় টা ভাল লাগলো,1
আমার খুব পরিয় একজন মানুষের জনয নাটক টি,1
 এর সেরা নাটক এটাই হওয়া উচিত,1
আমাদের দেশের নাটকের এ কি দুর অবসথা,0
এটা আমার জীবনের সবচেয়ে বাজে নাটক দেখলাম আজ,0
নাটকের পোশাক টা ভালোলাগে নি,0
এরকম বাল না বানাইলে হয় না ভাই,0
ভালো লাগে নাই খুব ই  বাজে কোয়ালিটি,0
মেয়েরা সবভাবতই এরকমটাই হয়ওদের বুঝা খুব মুশকিল,0
কে রসগোললার মতো দেখতে লাগে,0
এইটা কি কোন নাটকের পরযায় পরে,0
ফাউল নাটক কিছুই নাই ভিতরে,0
আমার বালের নাটক একদমই ভালো লাগে নাই,0
তিশাকে যত দেখছি তত মুগধ হয়ে যাচছি,1
নামাজের কথা শুনে অনেক ভালো লাগছে,1
বার বার নাটকের মাঝে এড দিলে ভাইয়া কোমন লাগে,0
মোশারফ একটা বলদা তার অভিনয়ই তেমন,0
নষটামির জায়গা পায়না টাকার জনয সব পারে,0
তিশা আপুকে সবসময় ভালো লাগে,1
বড় খামমা ভুল করে ভুল জায়গায়,0
মোশারফ করিমকে ভাল লাগে না নাকি নাটক ভাল লাগে না,0
নাটকের শেষটুকুও ভাল লাগেনি একদম,0
শাওনের কাছে এমন অখাদয আশা করি নাই,0
ধনযবাদ এত সুনদর একটা গলপ দৃশযমান করার জনয,1
বাসতবে এখন কার ভাই গুলো ঠিক এমন,1
নাটকে এইভাবে  করা একদম ঠিক হয়নি,0
সব নাটকের একই থিমভাললাগেনা আর,0
নাটকটা যতই দেখছি ততই রাগ হচছে,0
অপূরব মানেইনাহ পরশংসা করলে কম হয়ে যাবে,1
অসাধারণ তানজিন তিশা আমার বালো লাগার একজনকাতার থেকে,1
পরিচালকনাটক টা পরিবার নিয়ে দেখা যাবে ,0
সেই একটা নাকট নাটকটা দেখে খুব ভালো লাগলো,1
নাটক টা এক কথায় অসাধারণকিছু বলার নাই,1
ছবির অনেক টা সিন পাওয়া যায় মোট কথা নাটক টা অসাধারণ,1
বাংলা কবির সিং বললে ভুল হবে নাচালচলন পুরাই কবির সিং,1
অনেক দিন পরে ভাল একটা নাটক দেখলাম,1
খুব ভালো লাগলো নামাজ পরার উপদেশ দেয়া  নাটক টাও সেই,1
কি অশলীল ভংগী আর ভাষার বযাবহার,0
বাহনামাজের দাওয়াত দিয়া দিলেন ভাইখুব ভাল লাগলো,1
বাংলাদেশের একমাতর নায়কের পারসোনালিটি আছে নিশো ভাই থেকে,1
ফালতু নাটক করে হালার পো হালামোশারফ,0
মাইরালাইছে নাবিলা এত ভালো অভিনয় করলো কেমতে,1
এদের পেটে না মাথায় গযাসটিক যত সব ফালতু নাটক,0
ভালো লাগলো নাটকটা অসাধারণ একটি নাটক,1
শেষটা আরো বেশি ভালো লেগেছে,1
খুব ভালো সটোরি সতযি মন তা  ভোরে গেলো,1
লাসটের  মিনিট পুরা নাটকের পুটকি মেরে দিছে,0
আমার কাছে ভাল গলপ আছে লাগলে  করতে পারেন ,1
সাউনড কোয়ালিটি খুবই খারাপ,0
কাহমালের অভিনয় ভালো হইছে,1
কিছু বোঝেনা নাবোকা নিরবোধ,0
অসাধারণ নাটক আমার দেখা নাটকের মধযে অনযতম সেরা একটি নাটক,1
ফালতু নাটক আমাদের ঢাকার কাচকি বিরানি দেখলে মন ভরে যায়,0
এত সুনদর নাটক তৈরি করার জনযে অনেক  অনেক ধনযবাদ,1
নাটকের ভাষা গুলো এতো বাজে কেন ওড়না গুলো কি উড়ে গেছে,0
এর থেকে খারাপ কিছু হইতে পারে নাহ,0
আজকালকার রিলেশন গুলোই এই রকম বিরকত হলাম নাটকটা দেখে,0
মেয়ে দুইটা কি পোশাক পড়ছে ছি,0
বড় ছেলে দেখার পর থেকে আমি বাংলাদেশী নাটকের পরেমে পড়ে গেছি,1
ফালতু একটা নটক এইটা কনো কাহিনি হলো,0
টাইম নসট করলামফালতু পরিচালক,0
খানকির পোলারা আমার এমবি পেরত দে,0
পুরা নাটক  মজার  ছিল  কিনতু  শেষ টা পচা  ছিল,0
নাটকটা মোটামুটি ভালো লাগলো বেশি ভালো না,0
আবারো মুগধ হলাম অপূরবর কাহিনী দেখে,1
শেশের সিন গুলা ভালো ছিলো,1
কমনপুরাতন কাহিনী তেমন একটা ভাল লাগেনি রেটিং ,0
সসতা পরেডিকটেড কাহিনী  সলো সকরীন পলে,0
বৃনদাবন দাস এর নাটক অসাধারণ,1
সসতা কাহিনী আর নাটকের মান খুবই নিচু,0
বোঝে না খেত বোকা নিরবোধ,0
অসাধারণ নাটকখুবই সুনদর অভিনয়  ,1
খুব সুনদর হইছে সবাইকে  দেখার অনুরধ রইলো,1
মন থেকে ভালোবাসা ভাই আপনার জনয,1
আরিয়ানের নাটক গুলা সতযিই খুব ভাল হয়,1
নাটকটা অসাধারন কিনতু দশ বছরের ছেলে কি ভাবে কলেজে পরে,1
খুব সুনদর রুচিশীল একটা নাটক,1
এটা কোন বালের নাটক হইলো  এসব কি,0
নাটকে কিছু নোংরামি দেখানো হইছে,0
ছোট বেলায় থেকে পাকনা মেয়েটা রবীনদরনাতের বই পড়ে ,0
এমন একটা পিচচির পরেমে আমি পড়ছিলাম,1
বরতমানে বাংলাদেশের সবচেয়ে জনপরিয় নাটক অভিনেতা আফরান নিশো,1
বৃনদাবন দাসের তুলনা ওনি নিজেই অসাধারণ একজন নাটযকার,1
এর বেষট এর থেকেও বেষট হবে নাটক টা,1
নতুন অভিনয়শিলপী অভারএযাকটিং,0
এই ঈদের সেরা নাটকের একটি  ভালোবাসা নিরনতর বাননাভাই,1
এত ফালতু নাটক হতে পারে  পরিচালক   একটা বাল বানাইছে,0
এর অনয কিছু টরাই করা উচিৎ এসব  আর চলেনা,0
বাংলা নাটক গুলো  বছর আগের চালচিতরের  মত অশলীলতায়,0
খুব ভালো লাগলখুশির অভিনয় অসাধারণ হয়েছে,1
অনেক মজা পাইলাম নাটক দেকে হাই আমার জানু  আমার লগে দুসটমি করে,1
আগে যাই দেখতে ঠিক ছিলা মুটা হয়ে কি হয়ছে,0
খুব কষট লেগেছে সতযিই গলপটা অনেক সুনদর,1
বালছাল করে এগুলা  সালারপুত নাটক থেকে অবসর নে,0
জুটি ভালো পরিচালকের লেখা ভালো ছিলো না,0
এক কথাই অসাধারনঅভিরাম ভালবাসা নিশো ভাই ও তিশা আপু,1
ফালতু নাটকতার মত একজন ভাল অভিনেতা এমন ফালতু নাটক করে কিভাবে,0
অসাধারণ সুনদর লাগছে রিয়াজ ভাই আমার পরিয় নায়ক,1
খুব সুনদর টেলিফিলম অপূরবর এখন পরযনত সেরা অভিনয়,1
পুরো বাসতব জীবন কে তুলে ধরেছেএক কথাই অসাধারন,1
অসাধারণ হইছে ওমি ভাইধনযবাদ,1
মিনারের গান টা অনেক ভালো ছিলো,1
খানকির পোলার নাটক দেখা মানে সময়টা নষট হওয়া,0
নিশো দাদার নাটক গুলো খুবই ভালো লাগে,1
ফালতু হইছে কি সব নাটক করে মোশাররফ,0
এই পরথম কোনো নাটকে নামাজের কথা শুনলাম নিশু বস অল দা বেসট,1
অনেক ধনযবাদ এই রকম সুনদর নাটক উপহার দেয়ার জনয,1
নাটকটা দেখে অনেক ভালো লাগলো,1
মুভির  সাথে অনেকটা মিলে যায়তবে ভালো লাগছে,1
অসাধারণ লাগলো নাটকটি তবে নামাজের অংশ টুকু ছিলো অসাধারণ,1
অসাধারণ ও সময় উপযোগী,1
ছেলেরা রাগ করলে হয় বাদশাহ আর মেয়েরা রাগ করলে হয় বেশাহ,0
ভালো লাগেনি  ফানি ভিডিও বলা যায়  নাটক নয় ,0
নাটক টি অনেক সুনদর দেখতে খুব ভালো লাগল,1
এইটাও নাটককাহিনির এতো অভাব,0
মিল দেওয়াতে নাটকের মজা পাইনি,0
এরকম ফালতু নাটক মোশারফ করিম কযামনে করে সেটাই পরশন,0
এটা খুব একটা ভাল লাগে নি আগের গুলোই ভালো ছিল,0
নামাযের চাবি ওযু আর বেহেসতের চাবি নামায,1
নামাজের উপদেশ দেওয়াতেই খুবই ভালো লাগলো,1
খুশি আপু হাজার বছর বেঁচে থাকুক,1
ওয়াও ঈদের পরথম ভালো লাগার মতো উপহার,1
আপু শাড়ী তে ভালো  ছোট পোসাকে না,0
ফালতু একটা নাটুকযত সব আজাইরা,0
নাটকের মধযে ভাষা খারাপ কেন ছি ছি ছি,0
কফি হয়েছে অনেকটা তবে অনেক সুনদর নাটকটি ইনজয় করেছি খুব,1
ভালো লাগে নাই এই নাটকটা,0
নাটকে গলপের ঠাডা পরছে তাই যা খুসি তাই দেখাইতেছে,0
খুব খুব ভালো লাগছে ফরেনডশিপ টা,1
শুভ অনেক ভদর এবং নামাজি অনেক ভালো লেগেছে,1
অনেকদিন পর এত সুনদর টেলিফলিম দেখলাম,1
অপূরব ভাই  এর দুইটা নাটক দেখে চোখেজলচলেআসল,1
এই রকম ভাড়ামী শুধু গোপাল ভাড়কেই মানায়,0
সুনদর নামাজ এর দাওয়াত দেয়া হল,1
ভালোবাসা কথাটা বলা সহজ   এভাবে ভালোবাসাটা কঠিন,1
এখন মোশাররফ মানেই ফালতু নাটক,0
জোর করে হাসানোর চেষটা ফালতু,0
সতযিই অসাধারণ হয়েছে ধনযবাদ নিশো ভাই,1
শামীম নিজের জায়গাটা দরে রকতে পারবে না ফালতু কাজের জনয,0
এর সেরা নাটক হবে এই টা আমি মনে করি,1
বালের নাটককনসেপট টাই ফালতু,0
অাপনার মুখের হাসি টা খুব মিষিট,1
আসাধারন অভিনয় দুই জনেয় সেরা,1
এমন বেয়াদব ছেলে হাইরে নিজের জনয ফযামিলিকেবাজে কনসেপট,0
 এ তিশার ডরেস আপটা অদভুত ছিল,0
কি বালের কাহিনি একটা কি হইল এইটা,0
আচছা  টেলিফিলমের নামটা এমন কেন,1
বাবা  নিছএইগুলা কি ফাজলামোর একটা লিমিট আছে,0
নিশো ভাইয়া অনেক মজার নাটক টা,0
যদি সতযি বলি তাহলে নাটকটি সতযিই আবালি হয়েছে,0
যারা এই নাটকের মধযে ডিসলাইক দিয়েছে তা হল বেয়াদপ,0
এমন ফালতু নাটকে শবনম ফারিয়া,0
বালের নাটক সব নাটক এ এক কাহিনি,0
ঈদের সেরা তিনটি নাটকের মধযে এটি একটি হতে পারে,1
অসাধারণ হয়েছে ভাই টাঙগাইলের ছেলে বলে কথা,1
অশালিন নাটক সমাজ ধবংস কারি,0
কপালে ভালোবাসা নাই জিবনটা পুরাই  একলা,0
বেষট সিন লাষট মোমেনট,1
অনেক সুনদর একটা নাটক ভাইয়া,1
খুব ই বাজে এমবি টুকুন ই নষট,0
শামিম ভাই নাটক সতযি অসাধারণ,1
অনেক সুনদর দেখে মনটা ভাল হয়ে গেছে,1
আসতা একটা বাজে নাটক সবটাই পাগল ছাগল,0
নামাজের আগরহটা দেখে অনেক ভালো লাগলো,1
অপূরবের নাটক সব সময় অপূরবই হয়,1
সতযি চোখে পানি এসে গেলসতযিকারের ভালবাসা এমনই হয়,1
অনেক সুনদর ভাইপরের নাটকের জনয অপেকষা করতেছি,1
নাটকের সেষ সংলাপটা ভালো লাগল না,0
ফালতু একটা নাটকমেজাজ গরম কইরা দিসে,0
তানজিন তিশা অভিনয়টা ওর সাথে যায় না,0
নাটকের অভিনয়ের সাথে মিউজিক মিলেনাই,0
বোঝেনা খযাত বোকা নিরবোধ,0
কি বলববলার ভাষা নাইঅসাধারন,1
আখম হাসান নাটক দেখার মজাই আলাদা যাদের ভাল লাগছে তারা লাইক দিন,1
অসাধারণ নিশোভাইসযাকরিফাইস,1
ফালতু  আগা মাথা কিচচু নাইনাটক এর,0
সব নাটকের লাসটে কেনো জে টিওমার জে দেই,0
দযাটস নট গুডঅশলীলতায় ভরপুর,0
ফিনিশিং টা ভালো লাগলো না,0
অসথির নাটক বাবা লাইক  দেন যারা শামিমকে ভালোবাসেন,0
আমাদের নাটযজগতের লোকজনের এই দূরবসথা আফসোস,0
অসাধারণ একটা নাটক দেখলাম নিরমাতা কে অনেক ধনযবাদ,1
সবাই একসময় যোগয হয় শুধু সময়ের বযাপার  সুনদর,1
নিশো ভাই অভিনেতা হিসাবে সেরা আবারও পরমান হয়ে গেল,1
সবচেয় বাজে নাটক গুলার মধযে একটা৷,0
অনেকদিন পর মেহেজাবিন আপুর নাটক দেখে খুব ভালো লাগলো,1
গান গুলো নাটকের সাথে মিলে গেছে তাই বেশী ভালো লাগলো,1
নাটকের একটা বযারথতা যে আগে থেকেই জানতাম কি হবে,0
সারা নাটকে তানজিন তিসা শুধু পুটকিই দেখাইলো,0
আমার কাছে ভালো লাগে অপুব নাটক,1
নাটকটি ভাল লাগল  এ রকম পজেটিভ নাটকই চাই,1
এর চেয়ে জঘনযতম নাটক হওয়া সমভব না,0
সসতা বিনোদন ছাড়া আর কিছুই না,0
কোন সকরিপই ভালো না ফালতু,0
এই ঈদে আবারও পরমাণিত হলো আমাদের নাটকই সেরা,1
সময় নষট করলাম তর বাপের পা দিয়া কাচচি সালা,0
শামীম ভাইয়া চিল বড়োঅসাধারণ বস,1
নাটকের রাজা বাংলাদেশএকমত হলে লাইক দিন,1
খুব ভালতবে ফিনিশিংটা অনয ভাবে দিলে আরো ভাল হতো,1
অপূরব মানেই অসাধারণ সব নাটক,1
সতযি অসাধারণ একটা নাটকশামিম ভাই    ,1
অসাধারণ সুনদর হইছে লাভ ইউ নিশো ভাই,1
হায়রে কপাল এটাই দেখার বাকী ছিল,0
নিশোকে অনেকদিন পর এত ফরেশ লাগছে ,1
মীর ভাই অভিনয় মনে হয় ভূলে গেছে,0
কেমনে পারেন এতো মজার নাটক করতে ভাই,0
আমি শিলিগুড়ি থেকে বলছি আমি অপূরব ভাই এর বিশাল বণধূ,1
বালের নাটকএইসব আচোদা কাহিনী দেখে সময়টাই লস,0
আসুন আমরা বেশি করে ডিসলাইক দেই,0
এই রোকম নাটক কখনো আশা করিনি,0
একটুও ভালো লাগেনি  সসতা ভাড়ামী ছাড়া আর কিছু না ,0
কমেনট করার জনয ভাষা খুঁজে পাচছিনা না,1
নামাজ পড়তে উপদেশ দিচছেন এইটাই আমাদের বড় পাওয়া,1
নাটক টা কিনত বেশ ভালোই লেগেছে,1
বাংলা নাটকে অশলীলতা দিনদিন বেডেই চলছে,0
আবেক আসলো না মনেআমার একটা গলপ আছে,1
নাটকটা অসাধারণ তবে আবেগে খারাপ লাগছে শেষে মিলটা না হওয়াতে,1
বাল এর তিশাকে সব নাটক এ কেনো নেয়,0
জন এ এতো ভালো অভিনয় করতে পারে ভাবা ই যায়না,1
ফালতো চোদা নাটক  হালারে মারকেট  আউট  করা যায়  না,0
কাহিনি পায় না তারা আবাল মারকা নাটক বোকা,0
নাটকের শেষে দুজনের মিল হলে আরও বেশি ভালো লাগতো,1
ইভানার অভিনয় পুরা ফালতু হয়েছে,0
জেরিন ও অয়ন এর বিয়ে হয়ে নাটক শেষ হলে আরও বেশি ভাল লাগত,1
ইফ আই সে বেসট ইট উইল বি লেস ভাল থাকবেন আরিয়ান ভাই,1
পরিচালক ভাইছেলেদের এই ভাবে ছোট দেখানো ঠিক হয়নি,0
নাটকের পুরোটাই অসাধারণ শেষটা  অনেক বেশি ভালো লাগলো,1
শুয়োরের বাচচার নাটকে মাতরাতিরিকত অশলীলতা,0
নিশো ভাই একটা জিনিস ভাই সতযিই বাংলাদেশের সেরা অভিনেতা কে কে এক মত,1
এই ফাউল নাটকের  মিলিয়ন ভিউ,0
ফালতু নাটকসময় নষট হলো দেখে,0
আহারে সনতান অনেক ভাল একটি নাটক,1
আমি কলকাতার ছেলে বাংলাদেশের পরতিটি নাটক বেষট,1
এ যারা এই নাটক টা আর   টা দেখেছেন তারা  করবেন,1
সারলিনকে নায়িকা হিসেবে নিলে আরও ভাল লাগত,1
ভোদার নাটক লেখছে সামার সকীপ রাইটার,0
এটা ভাঁড়ামি ছাড়া আর কিছুই না,0
সতযি খুব ভাল লাগলো বাসতব জীবন  যদি এমন হতো,1
সততি এক কথায় অসাধারন একটি নাটকআমার মন ছুয়ে গেছে,1
নাটকের নাম ভুল নাটকের নাম হওয়া দরকার বরিশালের নটি,0
নাটকে যে নামাজের কথা বলা হয়ছে এইটা খুব ভালো লেগেছে,1
আমি এর থেকে বাজে নাটক আর দেখিনাই,0
অনেক মজা পাইলাম সেই  মিনিট মেয়েরা  বাবা সংগাতিক,1
দুনিয়ায় এর চেয়ে ফালতু নাটক আর নাই,0
ওরেস শালা লাসটের সিন টা অসথির ছিলো,0
আসলে নাটকটা অনেক  অনেক ভাল চিল তাদের তিন জনের অবিনয়টা অনেক  মজার চিল ,1
নাটক শেষ পরযনত দেখতে হলো  সিনেমা  তো শেষ  নাটকে না,0
ঢাকো সব ঢাকো এটা একটু উঠাও নাভালো ছিলো,0
আফরান নিশো মানেই অসাধারণ,1
অনেক খারাপ হয়ে গেছে নিসুর মেয়ে নিয়ে,0
বেচেলর পয়েনট কইওমি ভাই আপনার কথা ঠিক নাই,0
মোসারোফজনপরিয় নষট করারজনয এসবকাহিনিবালেরনাটক,0
ছি ছি ছি অশালীন পোশাক তিশার,0
পোনাদাইলাম তোর এই বাংলা নাটকটারে,0
নিশো ভাইয়ার নাটক এক কথায় অসাধারণ,1
বসের নাটক দেখার আগরহ হারিয়ে গেল,0
তিশার এই ডরেসএ বাজে লাগে থরিপিছ পরলে ভাল লাগে,0
অনেক সুনদর হয়েছে  ভালোবাসা অবিরাম,1
ফাইজলামি এটা কোন ধরনের সংসকৃতি অশনিলতা ছি,0
সটুডেনট ওরে একটা থাপপড় মারো,0
দারুন ছিলো আরো নতুন কিছুর অপেকষা,1
সেরা একটি নাটক সবার অভিনয় মুগধ করেছে আমাকে,1
বালের নাটকদুনিয়াতে কাহিনি খুইজা না পাইলে যা হয়,0
এবার নিশো ভাই নতুন কিছু দিল নাটকটা ,1
তিশা আপু আই লাভ ইউতুমি খুব সুনদর করে কথা বলে,1
কুকুর এই নাম টা রাখা ঠিক হয় নাই,0
তানজীন তিশা আপু সেই নাটক করছে ইদানিং,1
আরফিন ভাইকে টুপি পড়া সুনদর লাগছে,1
সটুডেনট মেয়েটা নাটকটাকে বিরকতিকর  বানিয়েছে,0
আরিয়ান ভাইসব মিলিয়ে খুশি আমরাআপনার জনয,1
আরো ভালো হতে পারতো  নাটক অসাধারণ,1
ভালোবাসা অবিরাম পরিয় তোমার পরতি,1
অসাধারণ রোমানটিক নাটক খুব ভালো লাগছে,1
এত ভাল কেরে আবেগে কাইনদা দিছি,1
খুব ভাল একটা নাটক ভাল লাগলপরবাস থেকে কে কে দেখছেন লাইক দিন,1
এই বালের মেয়েটার নেকামো দেখলে  মেজাজ খারাপ হয়ে যায়,0
এক কথা অসাধারন লাগলো দেখে কাতার থেকে,1
মনে চাইতেসে তাসনুভা কে চুদে দেই বাড়াটা দাঁড়িয়ে আছে,0
খুব ভালো  লাগলো নাটক টা,1
এরাম নাটক দেখতে ভালই লাগে,1
নাটক সিনেমায় কি কখনো শুদধ ভাষার পরয়োগ হবে না,0
মোশারফ করিমের অভিনীত  এতো ফালতু নাটক দেখি নাই,0
না নামাজ পড়ে যাইতে চাহি সেই সাহসী ভাই,1
নাটক টা দেখে অতীত মনে পড়ে গেলোসতযিই অনেক সুনদর,1
পতিতা মহিলাদের মতন পোশাক কেন,0
 এর নাটকের ভিতরে এটাই সেরা নাটক আমার কাছে,1
খুশি কথা একটু আসতে বললে ভাল হয়,1
নাটকের জনয বিখযাত বাংলাদেশ আমার মনে হয়,1
এই ধরনের ছেলে মেয়েদের জনয ঘরের বড়রা খারাপ হয়,0
কুততার বাচচা গালি টা সেই হইছে,0
অসাধারণ এই নাটক এই দেখে কয়ে বার দেছি,1
আমাদের বাংলা নাটকের কোন তুলনা হয় নাআর এই নাটকটা আমার দেখা সেরা,1
মেহেজাবিন কে অনেক সুনদর লাগতেছে,1
কুততার নাম ফাহিম মেজাজটাই খারাপ হয়ে গেল,0
আমার একখুনি বাচচা লাগবে ডায়লগ টা পাগল টাইপের হল না,1
পরচুর ফালতু   এরকম টা  আশায়  ছিলো না ,0
নিশোর থেকে এটা আশা করি নি কখনো,0
ছি ছি এরকম নাটক সমাজকে ধবংস করে দিবে,0
নিরবোধ কিছু মানুষ অশলীলতা কে সমারটনেস মনে করে,0
ইভানার অভিনয় আমার কাছে অনেক ভালো লাগে অনেক সুইট একটা মেয়ে,1
অসাধারণ একটি নাটক পুরো  ঘণটা  সেকেনড উপভোগ করেছি,1
খুব সুনদর নাটক দেখে চখে পানি এসেগেল,1
অসাধারণ গলপ  একটুও মিস করিনি,1
অনেক সুনদর হয়েছে যারা আমার বকত তারা লাইক করো,1
অসাধারণ কাহিনি ভালো লাগছে আপনাকে চাই কথাটা,1
কযামরামেন এর ছোদনে মাথাটা এখনো গুরে হালারপো হালা,0
যে যত পরশংসায় করুক ফিনিশিং টা অতটা ভাল ছিলো না,0
অসাধারণ নাটক নামাজের বিষয়টা ভালো লাগছে,1
নামাজ পড়া দৃশয টা ভালো লাগলো,1
ফালতু নাটকএইসব নাটকের সাতে বাসতবতার কোনো মিল নাই,0
শামিম ভাই অসাধারন অভিনয় করে,1
মিথিলার পেটে বাচচা আছে মনে হয়,0
নাটক না ভাদাইমা বুঝা দায়,0
ভাই আপনাকে সেলাম  এত সুনদর নাটক টা উপহার দেয়ার জনয,1
আমার সময় অপচয় হইছে সময় ফিরত দিতে হবে,0
হারট টা  কেমন জানি চাপা কাননা করতেছে,1
নাটকের কিছু কিছু ডায়ালগ বেশি খারাপ হয়ে গেছে,0
জীবনে পরথম তানজীন তিশার কোন ভাল নাটক দেখলাম,1
পুরাটাই আজকের আমাদের সমাজের বাসতবতানাটকটা দারুন ছিল,1
বাল বানাইছো বাল গালি আইতাছে,0
এমনিই এক বালছাল বানাইছে জোর করে অখাদয গেলানো যায়না,0
ডরেস গুলা দিন দিন মেয়েদের খুব খারাপ হয়ে যাচছে,0
মিজানুর রহমান আরিয়ান ভাইয়ের নাটক গুলো অসাধারণ,1
এটা কোনো নাটকের কাহিনী হইছেফালতুশুধু শুধু সময় নষট,0
কে সেরাআফরান নিশোনাকিঅপুরব,1
ডাইরেকটর রে জুতা দিয়ে পিটানো পরয়োজন,0
অসমভব সুনদর একটা নাটক অনেক ভালো লাগল,1
ভালো লাগলো নামাজের কথা বলাতে,1
দারুণ একটা পরিসমাপতি আগেরটাও দারুণ ছিলো,1
নাটক টি ভাল লালেনি অপুব ভাবটা বেশি নিল,0
নাটকের নাম দেয়া উচিত ছিল ফালতু করাশ,0
সাফার অতিরিকত ডং দেখলে মাথাডা গরম হইয়া যায়,0
এতো বালের এযাড দিলে ভালো লাগে,0
আমার দেখা সেরা নাটকের মধযে এটি অনযতম,1
এরকম ভাষা কেন নাটকের সকুলের ছেলে মেয়েরাও দেখে কি একটা অবসথা,0
এত নেকামি  মিনিট দেখার পর আর রুচি হলনা পুরাই সময় নষট,0
ইভানা কে অনেক ভালোই লাগেঅভিনয় অসাধারণ,1
অবিরাম ভালোবাসা পরিয় তোমার পরতি,1
আফরান নিশো মানেই অসাধারণ  বস এর ফযান হলে লাইক দিন,1
মেয়ে দুই টার অভিনয় বাজারের মাগির মতো,0
ভালো অভিনেতা  আফরান নিসোর মতো সব ধরনের অভিনয় করতে পারেনা,0
নাটকটা অসাধারণ হইছে পলাশ ভাইকে ধনযবাদ,1
পোশাক অশলীল ছিল বাংলাদেশের জনয এটা টিক না,0
নাতক তা অনেক শুনদর ও ভাল লাগল,1
কুততার বাচছা পরিচালকএটা কোন দরনের নাটক বানাইছিস,0
মোশা ভাইয়ের পাগল ভকতোগুলা কই,0
মুলযবান সময়টা নষট করলাম,0
অনেক অপেকষার পর খুব  ভালো  লাগছে,1
আমার দেখা সবচাইতে বাজে একটা নাটক,0
ফালতূ একটা নাটক  পরিচালকরে কাছে পেলে জুতা পিটা করতাম ,0
এটা কোন নাটকের ধাচের ভিতর পরে নাহ,0
বলার কিছু নেই ডরেস একটু পরবলেম,0
বাংলা নাটক শেষ বেশি ডিজিটাল হয়ে গেছে,0
বালের নাটক বানানি শুরু করসো,0
নাটক টা দেখে খুব ভালো লাগছে ভাই,1
আরিয়ান ভাইয়ের নাটক সবথেকে সেরূ,1
দু জনেরই অাভিনয় অনেক সুনদর হয়ছে ধনযবাদ,1
সমাজ ধবংস করা বনধ করুন,0
মুভির চেয়ে নাটক ভালোবাংলাদের কে কে একমত,1
অসাধারণযত বার দেখিতত ভালো লাগে অপূরব ভাইয়া        ,1
মুটো ভাইয়ের অভিনয় টা অসাধারন হইছে সো নাইছ,1
কয়দিন পর মাগী খোর নাটক বাহির করিছ সালা রা,0
অপূৃরব বাংলার সেরা রোমানটিক হিরো,1
কামালকি মালকাবলা তুই যা পারিস,0
অবুঝ দিনের গলপ সতযি অসাধারণ,1
পরিচালক ফালতু নাটক ভানাই নিশু  ভাই ঠিক না,0
ফালতু একটা নাটকতিশা রে তু একটু ভাল লাগে নাই,0
মীর সাববির আহমেদ ফালতু অভিনয় করেছেন,0
নিরবাকজীবনের পরতিচছবি দেখে,1
বাজে খুবই বাজে এটা কোনো নাটক হলো,0
বস তুমি নায়ক দের নায়ক বাংলার সেরা নায়ক এখন,1
অসাধারণ হয়েছে বসের নাটক টা,1
বাংলা নাটককে আর কতোভাবে তোরা ধরষণ করবি এগুলা নাটক,0
তানজিন তিশা রে পুরাই বিরকতিকর লাগে,0
তিসার অবিনয় আমার সব সময় পরিয়,1
নামাজ আদায় করা দেখে ভালো লাগল,1
বালের নাটক জা মনচায় তাই করে সালা রা,0
শুধু একটা কথাই বলবো নাটক টা সতযিই অসাধারণ,1
ফালতুতুতুতুতুতুতুতুুতুতুতুতুতুত,0
 মিনিটের নাটকে  বার বিজঞাপন,0
পফালতু নাটক একটা শালা বাইনচোদ,0
 সালের আমার দেখা সবচেয়ে বেষট একটা নাটক নিসনদেহে,1
সেই পুরানো বসতাপচা কাহিনী  মিনিটই নষট হইল,0
পুরোনো মাল নতুন মোড়কেকোন নতুনতব নেইটাইম লস,0
এইবারের নাটক গুলা পুরা বাল মারকা হইছে,0
মোশারফ মিয়ার দিন মনে হয় শেষ হয়ে আসলো,0
বনধু দারুন একটা নাটকসেই ছিল নাকট টা,1
এক কথায় অসাধারণ এক নাটকপরথম অংশ এতটায় মুগধ করেছে বলার মত না,1
এইসহ  বার দেখলাম ভালই লাগে,1
এর চেয়ে ফালতু নাটক আমি খুব কম দেখেছি,0
এত সুনদর একটা নাটক উপহাড় দেওয়ার জনয ধনযবাদ,1
অসাধারন একটি নাটক দেখলামসতযিই অনেক ভাল লাগল,1
এই জুটি  নাটক  খুব খুব  ভাল লাগে,1
ফালতো  টা কাল হো না হো থেকে ছুরি করা জাসট ফালতু,0
নামাযের এযাডটা ভালো লাগলো,1
একেই বলে বেসট ফরেনড কোনো সারথ  নাই বসসস,1
ভালো কনসেপট ছিলো শামিম ইউ বিউটি,1
অপুরব ভাইয়ের নাটক মানে এক অফুরনত ভালভাসা,1
খুব সুনদরনামাজের বিষয়টা আনছে খুব ভালো হয়েছে,1
নাটক সুনদর আর সবাই পাঁচ ওয়াকত নামাজ বলার জনয ধনযবাদ,1
পতিতালয় খোর কবে আসবে পাগলা হালারা,0
নাটক টা জোশ ছিললাইক হবে,1
পুরোটাই অনেক মজা পাইছি কিনতু শেষের দিকে এসে একটু ভালো লাগছে,1
লাসট সিনটা পুরো নাটকটাকে ভালো করে দিয়েছে,1
ভনডামির আর জায়গায় পাওনা,0
ধুমপান সাসথর জনয কষতিকর,0
বাংলা সংসকৃতির সাথে মোটেই বেমানান বিশেষ করে ডরেস আপ,0
বড় ছেলে অপূবের কেরিয়ারের সেরা নাটক,1
খুব জগনয নাটক এটা কোন ধরনের গলপ,0
অসাধারণ নাটক সতযিই অসাধারণ,1
নাটক টা দেখে মেজাজ টা খুব বিরকত হলো যত সব ফালতু,0
জানিনা বাংলা নাটকের পরতি এতো ভালোবাসা কেন,1
কমেনট না করলে কেন যেন শানতি পাই নাখুব ভালো ছিলো,1
এই সমসত নাটকের জনযআজ সমাজের বেহাল অবসথা,0
ভাষা হারিয়ে  ফেলছি ভালোবাসি দুজনকেই,1
এততো এড মেজাজ খারাপ হইয়া যায়,0
মাশাললাহ খুব ভালো একটা নাটক,1
নাটক পরিচালনক ভাই ওমিঅসাধারণ হইছে,1
এক কথায় অসাধারণ যেখানে ভাগয থেমে যায়সেখানে ভালবাসা জিতে যায়,1
ছেলে কে যদি একটু দেখা তো তাহলে  আরো ভালো  হতো,1
বাল হনা বায়ের বউঘো জোতাদিসা পেটালে ঠিক হত,1
দুদুর মন খারাপ হলে পেট ফুলে যায়,0
অভিনয়ে তিশার অনেক উননতি হইছে,1
বালো লাগা এবং ভালোবাসার নাটক মানেই অপুরবর নাটক,1
মান সমমত নাটক তৈরি করুনদেশের ইমেজ নষট করবেন না,0
বাংলা নাটকের হোগা মারা সারা তা এই নাটক দেখেই বুঝা যাচছে,0
সবচেয়ে নোংরামি দেখলাম এই নাটকে,0
অনেক সুনদর ছিল নাটকটা শেষে কাননা চলে আসছে,1
খুবই ভালো লাগছে  অপৃব তো অপৃবর মত হয়েছে,1
অসাধারণ  নাটক চোখে পানি চলে আসল,1
 মিনিটের দেখা পুরা সারথক একটা নাটক,1
দুদু মিয়া খারাপ নাম নাকিশালারা কি চায় এসব নাটক করে,0
খুব একটা ভাল নাটক মনটা পছনদ করার নাটক,1
অসমভব সুনদর একটা বযতিকরমী নাটকখুউব ভাললাগছে,1
নাটক এর গান গুলি এতো ভালো হয় কেনো   মিনার   ,1
এত সনদর নাটক উপহার দেওয়ার জনয,1
পুরুষদের ইজজত মাটাকরলায় খারাপ টেড পুয়া,0
আহ অনেক দিন পর এত সুনদর একটা নাটক দেখলাম মনটা ভরে গেল,1
অসাধারণ পরথমে খারাপ লাগলেও শেষটা ছিল দারুণ,1
এরকম নাটক হলে ভালো লাগে,1
অসাধারণ ফালতু নাটক পাগল ছাগল যতসব,0
অসথির শালি আমার খাই খাইভাবছে আমার পকেটে টাকা নাই,0
শামিম অনেক সুনদর  অভিনয়  করে,1
সবচেয়ে বিরকতিকর বযাকগরাউনড সাউনড,0
বুডু হয়েও সুনদর কেন তিশা হা হা হা,1
সংসকৃতি এখন উলটো দিকে বইছে,0
এই সপটেই শেষ পরযনত নাটকের শুযটিং হয়ে ছিলো,1
পরথাগত ফিনিশিং ভেবেছিলাম ভালো কিছু ফিনিশিং দেখবো,0
নামাজ মুমিনদের বড় একটা সমপদ,1
এত থারডকলাস নাটক কিভাবে বানায়,0
কাহিনী টা অনেক সুনদর  কা মাল,1
নাটকটা দেখে অনেক খারাব লাগল,0
গাজাখুরী নায়ক গাজাখুরী অভিনয় ফালতু,0
দেশের নাটক গুলির  বাজিয়ে দিচছে,0
অসাধারন ভাই আপনি সবই পারেন,1
মারভেলাস দবিতীয় পারট চাই,1
গাজা খোরি নাটক একটা শালা গাঞজা খোর,0
বাংলাদেশের মিডিয়া জগতে সবচেয়ে দুশচরিতরার নাম তানজিন তিশা,0
সতযি অসাধারণ একটা নাটক অনেক ভালো লাগছে,1
পরিচালকের বিচি দুইটা ওয়াশ করার দরকার,0
অসমভব সুনদর ছিলো এই নাটক টাধনযবাদ আরিয়ান ভাই,1
ডেলে দেইআরফান নিশু ভাইয়ের মুখে ডাইলকটা ভালোই লাগলো,1
দেখার পর কিছু যে লিখুম ওই টাও মন চাইতাসে না বালের নাটক,0
নাটকটা য়ে লেখেছে আমি য়দি পাইতাম তারে জুতা পিটা করতাম,0
কি কবিতা বলল মন পরাণ দুইটাই জুড়াইয়া গেল,1
নাটুক আসলে সেই লাগার মত অপূরব ভাইয়া আর তানজিনা তিশা আপু,1
আরফান নিশোর এমন কাজ আশা করিনি,0
একটা নাটক ওয়াকত নামাজের কথাটা খুব ভালো লেগেছে,1
যারা ডিসলাইক দিছে নিশচয়ই তারা ঘুসখোর,0
গলপ কাহিনীচিতর সংলাপ  তিনটাই মিসিং ,0
একটা নাটকআমাদের  টাংগাইলের আনচলীক ভাষায় কথা বলা হয়েছে,1
োঅনেক ভালো নাটক সবাইকে ধনযবাদ,0
বাজে একটি নাটকপরিশেষে দুজন মিলন হওয়াটা দরকার ছিল,0
শাহানাজ খুশির কযারিয়ারে সেরা অভিনয়,1
আহারে বেচারা শামীম চড়ের ওপরে আছে,0
তবে আপনি আমার ভাল লাগার অভিনেতা,1
বাংলাদেশের নাটক মানে সব চাইতের সেরা নাটক অনেক সনদুর বেসভাল,1
নাটকে এত আশালিন কথাবারতা কেননিশু ভাই একই কাহিনী বারবার কেন,0
মানুষ ভুল একবারই করে অামিও করেছি কিনতু,0
ঈদে   এই নাটক টায়ি সুনদর হইছে,1
পরিচালক এর বৌর ভোদার পানি দিয়া নাটক বানাইছে,0
কুততার বাচচা কেমারাটা না  গুরাইলে হয়না মাদারি,0
বালের নাটককাচছি পরিচালকের পাছায় ভরে দিলে ভাল হবে,0
অনেক দিন পরে ভালো  একটা নাটক দেখলাম যাতে সব কিছুই ছিলো,1
যত দেখি ততই ভাল লাগে,1
সতযি কারের ভালোবাসা মনে হয় এমনই  হয়,1
চযাটের এক নায়কা নিয়াই সব নাটক,0
আগের মতো মজা লাগেনাই তার পরও চলে,0
নামাজ পড়ার দৃশযটা অনেক ভালো লাগলো,1
অসাধারন গলপ সবাই দেখবেন,1
মোশারফের এই অভিনয়ছিভাবতেই লজজা,0
নাটকের গোয়ামারা সারা  দুদু আর সোনায় ভরপুর এক এক যাতরা,0
অসাধারণ  কাহিনিগানসব মিলিয়ে অতুলনীয়,1
ছেলে আর মেয়ে বেসট ফরেনড হয় না হয় বদমাশি,0
গলপ অনেক সুনদর ভালোই হয়েছে,1
অনেক দিন পর ভালো একটা নাটক দেখলাম,1
ছযাচরা ডায়লগ টা কমন,0
সতযি অসাধারন একটা নাটক সতযটাকে তুলে দরা হয়ছে,1
এগুলো কি নাটক না   ফালতু পরিচালক,0
কাজল আরিফিন ওমিআপনার কাজে আমরামুগধভালোবাসা অভিরাম,1
ভুয়ায়ায়ায়ায়ায়ায়ায়ায়ায়ায়া,0
জঘনয  ঘুরানো দেখে মাথা ঘুরে,0
এই পরথম কাজল আরেফিন এর নাটকের শেষ টা অসাধারণ হইছে,1
এই সব নাটক ই ছেলে মেয়েদের অধপতন এর কারন,0
লাসটের দিক টা অসাধারণ ইমোশনাল,1
ভাইয়ের লুকেই তো অবসথা খারাপ,0
শাওন ভাইয়ের মত একজন অভিনেতা তার ছিরাডির সাথে অভিনয় যায় না,0
সেই রকম বাজে নাটক নাটকের মান লাগে না টাকা হলে সব করতে পারে,0
ফিনিশিং টা আগের মতই তাই শেষটা ভালো লাগল না,0
এক কথায় অসাধারণ নিশো  তানজিন তিশা জুটি মানেই অসাধারণ,1
নাটক টি আমার কাছে ভালো লাগে,1
চেনা গলপের অসাধারণ উপসথাপন,1
নাটকে এতো ঐশবিলতামোটেও ভালো না,0
এই নাটকের পরিচালক কে কুততা দিয়ে চোদায়বার দরকার,0
এক কথায় অসাধারণ হয়েছে বাসতব  জীবনের সাথে মিলে যায়,1
আবাল মারকা বালের নাটক করছে,0
অসাধারণ নিশো বস আর অমি ভাইকেও,1
বেশ  ভালো  কনসেপট সবাই অনেক ভালো অভিনয় করেছে সবাইইইই ,1
নাটকের নাম হওয়ার চিলো বাপ বেটা হানিমুনে,0
অসথির নাটক বাবা লাইক  দেন যারা শামিমকে ভালোবাসেন,0
বালের মোশারফ এর নাটক কে দেখে,0
সবার মত আমাকেউ বলতে হচছেনাটক টার কোনো তুলনা নেই,1
আরও একবার  হয়ে গেলাম বাংলা নাটকের  সাথে  তো আছেই,1
আমার দেখা সেরা নাটক খুবই ভালো লেগেছে দুই পাটয়,1
বাংলা নাটকে সব থেকে অশলিল কাপড় পড়ে তানজিন টিশারট,0
অসাধারন একটা নাটকসতযি বাসতব জীবনে এমনি ঘটে,1
আমার দেখা সবচেয়ে বাজে নাটক এমবি ফেরত দে শালার পুত,0
অহংকার দেখিয়ে কাওকেই অবহেলা করা ঠিক না,0
মিথিলা অনেক ভালো কাজ করছে এটাই বাসতবতা,1
নাটকটি অনেক অনেক সুনদর লাগল  দনযবাদ পরিচালক মামমা,1
ফালতু নাটক ভালো লাগলো না,0
ভেবেছিলাম মজা হবে কিনতু এখন ফালতু,0
ইভানার নাটক আমার কাছে খুব ভালো লাগে,1
নামায আর টুপির বিষয়টা খুব ভাল লাগছে,1
এই চার পাঁঠার আর কোন কাজ নেই  এই নাটকে শুধু চামচামি করে,0
খুব ভাল লাগলো নাটকটা রিদয় ছুয়ে গেছে,1
ফালতু একটা নাটক এত বাজে নাটক আমি খুব কম দেখছি,0
শাহনাজ খুশির কথা শুনতে খুব ভাল লাগল,1
আমার সাউয়ার নাটক বানাইছে  এইডা কোনো নাটক হলো,0
ভাল ছিল সুনদর একটা বাসতবতার উদাহরণ,1
সময় নষট  ছাড়া আর কিছুই না,0
অসাধারণ একটা অতৃপতি থেকে গেল শেষ হয়েও হইলোনা শেষ,1
আমার দেখা সেরা নাটক  অনেক ভালো লাগলো,1
আমার বালের নাটক বানাইছেএইডা কোন নাটক হইলো,0
বাংলা নাটযঅঙগন টাকে গুয়া না মেরে এরা শানতি পাবে না,0
জীবন সারথক মনে হয় আজ নাটকা দেখার পর,1
এই বছরের সবথেকে বাজে নাটক৷ এইটা,0
সুপার হইছে৷৷৷৷৷  বস৷৷৷৷৷,1
কুকুরটার জনয নাটকটা ভালো হয় নাই,0
ংঅনেক সুনদর হয়েছে নাটকটি,1
শামিম ভাইয়ের নাটক তো ভালো হববেই,1
নিবেদনের নামে এসব কি  ছি ছি ছি,0
সালা কোন বুকাচুদা যে    করছে কে জানে   এতো বেশি যাতা অবসথা,0
পরথম দিকে ভালোই হইলো   ভালো হয় নাই,0
জনমের ফালতু নাটকআবালচোদা ডিরেকটর,0
এই রকম ফালতু নাটক বাংলাদেশে আর হইছে কিনা সনদেহ,0
কযামেরা এত গুরে কেনকি যুগ আসলো রে ভাই,0
নামাজকে পরমোট করা ভালো লাগলো,1
মেহেজাবিন এর বোনটা অনেক কিউট,1
বাংলা ছবির মত কমন দুঃখ ভরা কাহিনী,0
নাটক দেখার পাশাপাশি কমেনট পরতে ভালো লাগে,1
কি নাটক দেখলাম মাইরি পুরাই কাও হয়ে গেলাম,0
খুব ভালো লাগলো নাটক টা,1
আর কয়টা চরিতর থাকলে অনেক ভালো লাগতো,1
ভাই   এর সেরা নাটক  শিশু ভাই আর মেহজাবিন আপু আসাধারন,1
আফরান নিশোর চুলের সটাইল ভালো হয় নাই,0
মিলে চে অনেক কিচুয় আড় ভলার মযতকিচুই নাই অসাধাড়ন,1
এটাও অনেক সুনদর হয়েছেআমার পরিয় অপূরব,1
কি জে বলি এত সুনদর লাগে অপুরব ভাই এর নাটক,1
বলতে গেলে বাংলা নাটক অনেক সুনদর  এক কথা বললে নিশু ভাই অসাধারণ ,1
বালের নাটক সময় নষট করলাম,0
নাটকের ভাষা গুলো ভালো লাগলো না,0
বালেরনাটকটাকাফিরতদেহালা,0
নিশো বস বলে কথা অসাধারণ অভিনেতা,1
মোটামুটি পরেমের বিয়ে না পছনদ করে বিয়ে,1
এইসব অভিনয়ের জনয নিশো তিশা পারফেকট,1
অসাধারন নাটকআপনি পারেন ও মিজানুর ভাই,1
গলপের কাহিনীটা আহামরি অতো ভালো লাগে নি,0
একটু বেসিই বারাবারি হয়ে গেছে,0
এগুলা কি নাটক এতো হাশি আশে কেন,0
এই নাটক বানানোর চেয়ে না বানানোই ভালো,0
বদমাশি করে নাটক বানায়সমাজ নষট করতে এইসব নাটক বানিয়ে থাকে,0
অনেক সুনদর যেন বাসতব জীবন,1
ইচড়ে পাকা না হয়ে কি ভুল করে ফেললাম,0
এ ধরনের নাটক একঘেয়েমি হয়ে গেছে আর ভালো লাগেনা,0
অসাধারন নাটক চোখে পানি আসল আমার জয়েন পেমিলী,1
আমার দেখা সেরা নাটকতবে অনেক দিন আগে দেখেছি অনেক বার দেখেছি,1
ঝাল খোর পান খোরের সবাদ পাইলাম নাহ,0
অনেক ধনযবাদ  ভাই  নাটকটা অনেক ভালো  লাগলো,1
কিছুই বলব নাশুধু বলব ভাল হইছে,1
অনেক ভালো হয়ছে এ নাটক তৌরী করার সাথে জরিতো সবাইকে অনেক ধনযবাদ,1
চমৎকার গলপ খুব ভালো লাগলো,1
অপূব ভাই য়ের সব নাটক অসাধারন অনেক সুনদর হয়,1
ফালতু রকমের নাটক সময়টাই নষট,0
সতযিই অসাধারণ একটা নাটক,1
সতযি অনেক সুনদর একটা নাটক,1
ভাই আপনার আর আপুর নাটক গুলা অনেক সুনদর ভাই আপনি এ সেরা,1
এবার মেরিল পরথম আলো পুরসকার এটাই পাবে,1
অনেক দিন পর বসের নতুন নাটক দেখা শুরু করলাম,1
ভাল লাগছে অপূরব ভাই আপনি দারুণ অভিনয় করেন,1
 কেজি গাজা খাওয়ার পরেই এইরকম নাটকের আইডিয়া আসতে পারে,0
চরম একটা নাটক যারা আমার মতো  এর  তারা  ও  করে জানাও,1
লাইফে মনে হয় এই পরথম কোনো বাজে নাটক দেখলাম,0
গলপটা ভাল লাগল না পরিচালক কে বলবো বলদামি ছারেন,0
ভালোবাসার দুইটি মানুষ  একসাথে থাকলে নাটক এমনিতেই    হয়,1
নডির পুলারা নাটকের মাঝে বিঙযাপন মারে,0
অনেক সুনদর লাগে আমার বাংলাদেশের নাটক দেখতে,1
ডেট ওভার গানজা খাইয়া নাটক লিখলে নাটক  এমন হয়,0
ভাই এত সুনদর সুনদর নাটুক উপহার দেওয়ার জনয,1
জাসট অসাধারণ একটা গলপ বস পুরাই কাবির সিং,1
খুব সুনদর একটা নাটক উপহার দেওয়ার জনয অনেক অনেক ধনযবাদ,1
বস কিছু বলার নাই দুয়া করি সব সময় ভালো কিছু করো,1
অবুঝ দিনের নাটকটা অনেক অনেক সুনদর,1
অনেক দিন পর ভালো একটি নাটক দেখলাম,1
ফালতু একটা নাটকফযামিলি নিয়ে দেখার মতো না,0
সব ভালোবাসায় এমন কেনো বাধা আসে,1
নাটকের মানের বড় অভাব আজেবাজে কাহিনী,0
গাঁজা খুরী নাটকএসব থেকে জাতী পরজনম কি শিখার আছে,0
অসাধারণ  তবে বাসতবে সমভব  না এইরকম সমপরক,1
দেশদরোহী পরিয়া সাহার কে আমরা মন থেকে ঘৃণা করি,0
মিনিট সেটনটা সেই খারাপলাগছে,0
শিহাব শাহীন এর নাটক দেখার মতো,1
এই ধরনের নাটক বাংলা নাটককে ধংসের জনয যথেষট,0
অসথির ভাই নাটকটা অনেক অনেক ধনযবাদ পরিচালক কে,1
অপূরবর নাটক সবসময়ই ভালো লাগে,1
খুবই সুনদর একটা নাটক এক কথায় অসাধারণ,1
সেই রকম বাল খোরএটা কোন নাটক হলো,0
কারণ খুজলে হাজার টা বারন কারন না খুজে বালোবাসাতে নেই বারোন,1
বালের নাটকটাইম টাই মাটি হইলো,0
অনেক দিন পর এটা ভালো নাটক দেখলাম,1
আরিয়ান ভাই অলওয়েজ বেসট,1
কাজল ভাইয়ের নাটক মানি বাংলাদেশর সেরা নাটক,1
অাগের গুলার মত হয় নাইগলপ অনেক দূরবল,0
আবালের ঘরে আবাল এটা কোন নাটক হইছে,0
এটা কেনো নাটক হলোপুরুষরা এরকম হয় কখনো ফালতু নাটক,0
পরথম একটু খারাপ লেগেছিলো লাসট দিয়ে ভালো হইছে,0
বাংলাদেশের নাটক আর নাটক নাই অশলীলতা হইয়া গেছে,0
আপনে একজন করেযিলাভারপরেম করতে করতে ভিতরে ডুইককে গেসেন,0
মোশারফ করিমের সবচেয়ে বজজা নাটকন,0
নিসুর আসল পরিচয় এটাআর তিশা তো সসতা মাল,0
 মিনিটে বালের পোশাক পরছে মেয়েগুলো,0
ভালবাসা অবিরাম  তানজিন তিসা,1
মিথিলা ভালো ছিল তার দেখ থেকে,1
সময় নষট  এম বি নসট  ফালতু পরিচালকের  ফালতু নাটক,0
অনেক সুনদর হইছে নাটক   আফরান নিশো ভাই  দোয়া রইল,1
ফালতু নাটক বানাইছে আচুদা পরিচালক,0
এই ফালতু নাটকের এতো ভিউ কেমনে ভুয়া,0
ভিরি টানা না থাকলে বালো হতো  একটা বলদের মত কাজটা করলো ,0
নামাজকে পরাধানয দিয়েছে এটা অনেক ভালো লেগেছে,1
নামাজ সফলতার বিশাল অধযায়,1
অনেক ভালো একটা দিখ উপসথাপন ,1
ফালতু নাটক যত সব আবালরা এই নাটক গুলা দেখে,0
বুকের উপর ওড়নাটা দিতে কি বেশি সমসযা,0
মিজানুর রহমান আরিয়ান মানে অনয কিছু অসাধারণ,1
এ বছরের সেরা নাটক বাইনচোদ বালের নাটক বানাও,0
নিশো ভাইয়ের ফাসট টু লাসট লুকছিলো,1
বাঙালীদের ভালো করতে যাবেন নাভাল করতে গেলে  নিজেই ছোট হবেন,0
নাটকের শেষ মুহূরতে খুব কষট পেলাম,0
সুনদর একটি নাটক দেয়ার জনয ধনযবাদ,1
এই বছরের সেরা নাটক  বলতে হবে    আপনারা কি বলেন,1
ভালো লাগার মতো একটা নাটক,1
ঐ শালীর ঘরে শালী আললারে নিশু ভাই কি শুনাইলো,0
পলাশ থাকলে নাটক জমে ভালো,1
একদম অশলীলে ভরপুরে নাটকটা,0
এই চেঞজ টা পরথমে  করলে এতো দূর সমসযা হতো না,0
আমার পরিয় অভিনেতা আখম হাসান,1
বাংলাদেশে অনেক বেশি সুনদর নাটক বানাতে পারেন,1
তের নাটক মারে চুদি খানকির পোলারা,0
এইসব ভৃয়া নাটক পরচার থেকে বিরত থাকুন ,0
সবকিছুই ঠিকঠাক ছিল কিনতু শেষটা মেনে নিতে পারলাম না,1
ওমি খানকির ছেলের সব নটকে বাজে কথা থাকে,0
কানে না ধরে জদি কষা একটা থাপপর মারত তাহলে মজা পাইতাম,0
নাটক আসতে আসতে খুব খারাফ হইতেছে সব দোস পরিচালকের,0
হেলমেট বযবহার করলে ভালো মেসেজ পৌছাবে সবার কাছে,1
শিহাব শাহিন মানেই পরতযাশা পুরনকখনোই হতাস করেন না,1
নিশো মানেই ফাটাফাটি সতযিই দারুন,1
সেই রকম গুহুর দেইতে চাই তাকে দিয়েগুহুর,0
শিহাব শাহীন ভাইকে অনেক ধনযবাদ,1
অসাধারণ হিসটরি চোখের পানি ধরে রাখতে পারলাম না,1
অপুরব মানেই অসাধারণ কিছু উপহার,1
আফরান ভাই আপনার নাটক অসাধারণ লাগে মনের মতো অভিনয়,1
এইটা কি তানজিন তিশার  তম বরেকাপ ছিলো,0
এই মেয়টার নাটক দেখলে বতমান মেয়েরা খারাপ হয়েজাবে,0
অসমভব সুনদর একটা নাটক,1
শামীম ভাই এ ধরনের নাটক করলে যুব সমাজ ধংসের পথে যাবে,0
একদম পরিপাটি বেসট নাটক বাংলাদেশের একটি,1
তবে ইরফান সাজজাদের অভিনয়টা বেসট হইসে,1
গলপ টা অনেক সুনদর ছিল ভাইর জনয   রইলো,1
ফালতু কনটেনট ফালটু নাটক,0
ভোদাই মারকা নাটকতাহসানের ফালতু নাটক,0
অামার দেখা অনযতম সেরা একটা নাটক,1
নাটক টা একেবারে খুব খারাপ হইছে,0
তানজিন তিশাকে কুকুরের মত লাগের,0
অসমভব সুনদর নাটক  খুবই ভালো লাগলো,1
এইরকম চুতমারানি বিয়া করার চাইতে সিংগেল মরা ভাল,1
বোকা তানজীন বুজেনা দুদু টিপতে দে নিশো ভাই রে,0
নাটক টা দেখতে চাই ছিলাম কিনতু কমেনট দেখে ভাগছি,0
বাংলা ভিশনের মত চযানেল এ নাটক কেমনে দেখায়,0
ইরফান সাজজাদ এই সময়ের সেরা অভিনেতা,1
এত সুনদর কেরে নাটক ভাই আরো ছাই,1
বলতে হয় অনেক সুনদর একটা নাটক,1
নাটক জগতে  নিশু ই সেরা একমত হলে লাইক,1
এক কথায় অসাধারন একটা নাটকআমার দেখা  নাটক গুলার একটা,1
নাটক টা দেখে মন ভরে গেল,1
আমার জীবনের সবথেকে ফালতু একটা নাটক এইটা,0
সামাজিক নাটক গুলো  আসলেই খুব ভালোলাগে,1
তানজিন তিশা এতো ভালো অভিনয় করে জানা ছিলো না,1
ধূস পুরো ফালতু সটোরি খুব দুরবল,0
এইরকম ফালতু নাটক আর দেখি নাই  ফালতু,0
অপূরব ভাই মানেই নাটক হিট,1
অবশেষে অপেকষা পর দেখলামসতযি অসাধারণ,1
সব মিলিয়ে অসাধারণ  টাংগাইলা,1
অনেক অনেক অনেল ভালো লাগলোলাভ ইউ নিশু ভাই এবং অমি ভাই,1
এই বালের এক ঘেয়ামী নাটক আর কত,0
খুব সুনদর একটা নাটকঅনেক ভালো লাগছে,1
মেয়ে মানেই টাকার লোভী,0
বাল এর নাটক এক লাফে অফিসের বস হা হা হা বাল,0
জমজ  আর কাচচিখোর  এই ঈদের সেরা ফালতু নাটক,0
খানকির পোলারা কি সব বাজে অবসথা,0
অসাধারণ নাটকমন ছুঁয়ে গেলো,1
অসাধারণ একটা নাটক খুবই ভালো লাগলো,1
ফালতু একটা নাটক বানিয়েছে পরিচালক,0
নাটকের শেষে ভালো মিল করতে পারেনি,0
নাটক টা খুব ভালো লাগলো দারুণ খুব ফাইন,1
এতো এতো এতো ভালো লাগছে আমার কাছে এই নাটক টা,1
ছি ছি ছি এগুলো কি বাংলা নাটক,0
হাসান ভাইয়ের নাটক খুব ভালো লাগে,1
আরিয়ান ভাইয়া আপনার শব  নাটক আমার কাছে অনেক ভালোলাগে,1
অসাধারণ একটা নাটক উপহার দিয়েছেন নিশো ভাইয়া অাপনি,1
ভাইয়া এই ধরনের নাটক ই বানান যা সমাজের জনয খুব ই উপকারী,1
বাচচা কি সাথে সাথে দেয়া যাই,1
খুব ভাল লাগলতবে আমার বেলায় একই,1
খানকিমাগি শুয়োর এর বাচচামাগিমাগি,0
নাটক টার ফিনিশিং ভালো হয় নাই,0
পোলা খোর কখন আসবো,0
আমি কি লিখবো ভাষা খোজে পাইনা অসাধারন নাটক,1
এইসব বালসাল মানুষ দেখে কেমনে,0
ভুল আছে একই সরট একবার দিনে আবার রাতে,0
এইগুলা নাটক নাটকের নামে ফাইজলামি,0
এই নাটকের জনয আপনি মেরিলপরথমআলো পুরষকার পাবেন অবশযই,1
নাটকের সমপূরণ সময়টাই উপভোগ করলাম এককথায়  ছিল,1
আমার কাছে নাটকটা তেমন ভালো লাগেনি,0
নাটকটা অনেক ইমোশোনাল হলেও  অনেক সুনদর একটা নাটক,1
অসাধারণ  একটা নাটক বোন টার অভিনয় টা অসাধারণ,1
ওয়াও অপুরব এনড তানজিন তিশা,1
নাটক টা দারুন কিনতু জেরিনের সাথে দেখা হওয়ার দরকার ছিল,1
অসথির একটা নাটক সতযিই চহমেরএক কোনায় পানি চলে এলো,0
আ খ ম হাসান একজন ভাল অভিনেতা তার অভিনয় খুবিই ভালো লাগে,1
নাটকটির শেষ দিকটা দেখে খুব ভালো লাগলো,1
ফালতু নাটকের সরবোৎকৃষট উদাহরণফালতু,0
কলিজা টা শানতি  ধনযবাদ টিম কে ,1
কযামেরা এত ঘুরান কযা চোদার নাটক,0
অসাধারণ চিতরনাটয ধনযবাদ,1
নামাজ এর মযাসেজটা মনোমুগধকর ছিলো ভাই,1
নাটকের মাধযমে চাটুকারিতা শেখানো হচছে,0
বাসতবধরমী একটা নাটকভাল লেগেছে,1
ছাগলি ফারিয়ার অভিনয়ের থিকা উততেজনা বেসি,0
অসাধারণ অসাধারণ হয়েছেধনযবাদ  সবাইকে,1
অপূরবর নাটক আমি সব গুলা দেখিআমার কাছে অনেক ভালো লাগে,1
এ তো সতযি সতযি ঝগড়া আয়,0
অসাধারন একটা নাটক এই নাটকের কোন তুলোনাই হয় না,1
এর মত ফালতু নাটক আমি আমার জীবনেও দেখি নাই,0
মাশাললাহ নাটকে নামাজের  দৃশযটা দেখে খুব ভালো লাগলো,1
এই নাটকটি দেখে অযথায় সময় নষট করলাম,0
তানজিন তিসাকে দেখলে বিরকতি  লাগে  ,0
নাটকের কোন জাত ও না বলদ পরিচালক,0
মেরীল পরথম আলো পুরষকার আপনাদের সিউর,1
এইমাতর দেখলাম এই নাটক টা খুবই ভালো লাগছে,1
এই নাটকের জনয অপেকষা ছিলাম ধনযবাদ,1
খুব ভাল একটা নাটক ভাল লাগল,1
বেশি নেকামিতাই কিছুখন দেখে বাদ দিলাম,0
দুনিয়ার সব থাইকা আচোদা নাটক  আচোদা নমবর ওয়ান,0
অনেক ধনযবাদ এত সুনদর নাটক উপহার দেওয়ার জনয,1
নতুন ধরনের নাটক  খুব ভালো লেগেছে,1
লাভ নিশোশেষ দৃশযটা ভালো লাগছে,1
এক কথায় অসাধারণ লাগছে নাটক টা  আর নামাজের অংশ টা খুব ভাল ছিল,1
আসলেই খুব ভালো লেগেছে,1
এইটা ঠিক না ঘরে বৌ রেখে পরো নারীর সাথে সময় কাঠনো,0
ভাই এটা একটা নাটকফালতু কোন কাহিনিতো নাই,0
যারা ডিজলাইক দিছে ওরা নিশচয় হিরো আলমের ভকত,1
ভাইয়া তো আমাদেরি টাংগাইলের তাই একটু বেশি ভালোবাসি,1
তাহসানের কাছ থেকে এই ধরনের বাজে নাটক আশা করিনিফালতু,0
ভাই আপনার কাছে থেকে এরকম নাটক আসা করি নাই,0
খুব বিশরী ভাষা ছিঃ অশলীল ভাষা,0
ধংস হবে এই সমাজ চিনতার কোন কারণ নেই,0
আফরান নিশোর লুকটা অনেক সুনদর ছিলো,1
অসাধারণ নাটক আমার কাছে অনেক ভালো লাগছে,1
বাজের একটা লিমিট থাকে বাজে বললেও বাজে কে ঘৃণা করা হবে,0
অনেক দিন পর অনেক ভালো একটা নাটক দেখলাম  ,1
খুব ভাল লাগলো বস আরফিন নিশু,1
নাসতিক টারে দেখলে মন খারাপ হয়ে যায়,0
অসাধারন লেগেছেবাট বড় ছেলে এর থেকে বেশী না,1
হায়রে নারী এক ফোনেয় ছেলেটারে পাগল করে দিলি,0
বালের গলপ লিখছে হালায়এইটা কোনো কাহিনী হইলো,0
ধনযবাদ অমি ভাই এত সুনদর একটা মেসেজ দেওয়ার জনয,1
এই রকম নাম না রাখলে বালো হতো,0
নিশো এত ভালো অভিনয় করে যা বলার বাহিরে মাইনড বলোইং,1
পালতু একটা নাটক করছেকোন অরথ নাই,0
বস মোটা হয়ে যাচচ তাই আগের মত ভালো লাগতেছে না,0
অনেক সুনদর একটি নাটকঅনেক ভালো লেগেছে,1
ভাই খুবই ভালো লাগলো তুই বেসট,1
ভাদাইমা টাইপের হয়ে গেছে মোশারফ করিম,0
   একজীবনে সবসময় এরকমি  নাটক চাই কারণ জীবনতো একটাই,1
নাটুক আসলে সেই লাগার মত অপূরব ভাইয়া আর তানজিনা তিশা আপু,1
এইসব বালের নাটক বানায় কোন অটিসটিক,0
সারভিস হোলডা নাটকের পরে আমার কাছে জয়েন ফযামিলিই সেরা,1
সতযি নাটকটি দেখে আমার খুব ভাল লাগলঅসংখয ধনযবাদ,1
আদিখযেতা বেশিততটা ভাল লাগেনি,0
কিছু বলাল নাই অনেক অনেক অসাধারনঅপূব ভাই নাটক অচম,1
এটা ঠিক না নিশো ভাইআপনে তিশা রে  বছর  করসেন ,0
অসাধারণ নাটক বানিয়েছেন  আরিয়ান ভাই,1
অসাধারণ একটা নাটক পরতযেকটা মুহূরত আননদময় ছিল,1
জীবনের পরিয় নাটক গুলার একটা হই গেলোসেই রকম ছিল নাটকটা,1
কি আজব একটা নাটক কোন কূল কিনারা নেই এই নাটকের,0
এমন বাজে নাটকে শামীম ভাই অভিনয় করা মানায় না,0
বৃনদাবন দাশ অসাধারণ সৃষটি,1
এবার পযাঁচ আপ নামে একটা নাটক করেন,0
শুরুটা একটু গোছালো হলে পুরোপুরি সবাদটা পাওয়া যেত,1
ভাই মানে ভাইঅসাধারণ ভালো লাগেছে ভাই,1
শেষ দৃশয টা সতযি অসাধারণ,1
